,Cycle,A1,A2,A3,A4,A5,A6,A7,A8,A9,A10,A11,A12,B1,B2,B3,B4,B5,B6,B7,B8,B9,B10,B11,B12,C1,C2,C3,C4,C5,C6,C7,C8,C9,C10,C11,C12,D1,D2,D3,D4,D5,D6,D7,D8,D9,D10,D11,D12,E1,E2,E3,E4,E5,E6,E7,E8,E9,E10,E11,E12,F1,F2,F3,F4,F5,F6,F7,F8,F9,F10,F11,F12,H1,H2,H3,H4,H5,H6,H7,H8,H9
,1,1.35826349127501,-16.7986585903727,-10.9554752233253,-8.79706061016896,-38.4409974869077,-4.27910792563534,0.923235913513963,-9.91624293315044,-14.1587158835537,-6.24571158458548,5.36588921723524,6.79244388692905,-17.47220269338,8.39817074220355,3.5674565413824,3.24929052395737,3.96181139999044,2.50863454657838,6.6086140369348,1.54890476245373,5.50418074762729,-1.29764131097909,5.72015648906881,12.1025206536638,-10.1276167897927,-1.49415263557421,-3.80934664371398,1.87143274398841,6.79782609516951,3.79283034250739,0.872098438328067,2.57539808424281,0.372737279236389,4.17481817384032,1.43696424727023,5.52034896309851,-4.50902046529018,-3.58176692854204,-4.20443344841169,4.62602154678416,-0.951317894342992,-3.04046192409078,-0.0595133764086313,3.73727968510184,6.85702048806888,4.19157713219647,9.56724858811322,4.42570172584237,3.56057822523189,-1.32875985561304,3.85757586181126,6.62681643384803,3.0674568110876,6.17910024132607,6.49760291118082,0.859781165420827,0.977696382490649,6.37439815826701,10.1676471691403,-4.78269838076767,-2.81634191138801,1.22311691830464,16.2951028739399,5.28100050873581,2.34855712110084,0.197215206415876,-9.23060065408254,7.15208323449997,2.47006174301259,2.44901650246902,4.69210394973879,5.15165501716592,-19.1821320687222,-21.3325106648263,-16.715309565192,-5.97935725705611,-8.11684942324246,-11.725910428027,-11.672509866381,-17.4226993451316,-26.9757461749014
,2,-1.62461920995656,-14.6115405458036,-6.1774586367178,-2.47749898603479,-18.9174990075403,-4.98669497721176,-3.09986978771485,-3.64567606281616,-13.2938344306813,-5.08964050937993,-0.185522061237407,3.04169762543188,-10.2195291003559,3.60777978651004,3.87559611754205,4.39865854284926,3.06682396514816,5.70825705183097,4.66517881040727,7.32904501504254,2.91469106870181,-0.473410117656385,-0.0533103454331467,0.442783221537411,-4.65538129635888,0.147352798385327,-5.53202166915253,3.08653736467704,1.43397859187644,1.64806660830709,3.96294140245072,2.00617098979501,-1.33793550591872,-3.89914780712479,-3.84201814848939,3.34878443177058,-2.05690973004857,-1.77500739081779,-4.42894325213911,0.129777014276897,-0.986848488750184,0.391348280219972,4.95903010677648,-5.05618955838736,2.67761572785275,2.92249485150842,7.93748099135382,1.79716290141278,2.42058856334734,-3.67046327025946,-0.0878826693474366,0.410393045417095,1.75458690856158,3.43845526382665,7.9936899850486,3.19631691116592,0.388165046062113,1.69022886393668,2.06195665152109,-3.84896045182541,-1.18306012020184,-2.12351796247731,7.72206677050235,4.72581131097741,1.73714934179088,3.23336495091007,-5.41193301305248,7.40170341112298,0.533287504327291,5.05144173738245,1.49829987775956,1.70519383935971,-11.4576888529609,-14.6517422680608,-12.7914815366789,-3.33281515894305,-1.44607943339361,-4.983562396048,-10.135539265706,-12.8038048532894,-18.3024699455273
,3,0.751897417132568,-4.01619139649711,-0.279752950214061,-0.809087466172514,-1.12834505997807,1.65563770644803,1.95819392207022,1.5100843644318,-2.39005211074436,-5.74184992459686,0.663824720933462,-0.0456939144974058,-1.86266472917987,1.81418816920632,0.443685019590703,3.28758738796842,4.42731784248735,2.07106521399101,-0.801838800722635,0.416846426322991,1.7720029376942,0.633889277714388,3.80392224026309,-0.329018163402907,-1.19985182865094,-0.0541666540730148,-0.374296659867923,4.1558068581312,0.501412779765815,1.99172818896295,-1.84585412339993,0.838586426152688,0.849214790243423,4.23829376719823,4.54542837680674,4.29167588179189,-0.413172419906459,-0.123970976731016,-0.482706021284685,1.92145678472662,1.08287940120044,2.6429898250808,0.139544109264534,3.70589158197845,3.95757224713816,2.18028810122951,2.62536008265215,1.90051562865619,2.23138156569303,1.49874355972725,-0.398159023448898,1.06365669340767,-0.391636542311517,2.63849038406124,2.49429211029883,0.722145123410428,3.06105600038381,-0.0338765874544151,0.147222048296953,1.73362971793449,-0.722692479373109,0.755407094140082,2.20261428623326,2.71383071113269,0.628119766819964,3.46653586902676,1.47263303858972,0.82304755228779,1.56455971358582,0.160547568067159,1.41459883888501,4.48635464042991,-7.69621936135945,-8.86561264330658,-5.55534602328362,-1.20617034125416,-1.2754004149383,-0.531838742757827,-7.17128787156389,-7.99340938765636,-11.3929460436357
,4,1.36353605677004,5.94680248416034,1.18344979454241,0.587753188761781,3.74829548938578,0.241675224079245,-1.70603842990977,-2.57392085671199,2.42151499763895,7.99922635753637,2.36868484110619,3.35410603774335,-1.64589732298555,2.71558558344805,1.73777269139282,1.00697249124278,1.4678646908169,1.35031195748024,1.84459423222552,1.06404254338668,-1.26842691565662,-0.488460464546733,-3.24108067419593,5.57716536419321,1.58363408311288,0.424897012715519,-1.66424403429892,0.744381682781295,3.34729939136014,-0.547271427492888,4.04674443125396,1.44545078067313,1.85754964723446,-1.97666694775353,0.845287009550248,0.329674789688852,3.57269801090342,1.21644044515688,3.9644219806587,4.08074181855,1.3065624751116,4.13879309481899,1.79343402034874,-3.43880490863103,1.535713662342,0.479199075499309,5.45589982791853,1.50186664612102,-1.38418270144894,-1.94050008163094,0.706135646218627,0.915568532271664,3.02792032227899,2.47185263121492,1.56023568582896,0.799983595267804,0.669480267701147,3.55807190612586,0.180024301608682,1.40816726842149,2.10061620321358,1.0384173303546,0.193527744630501,-0.271320309142538,0.673642868546722,1.10831541094421,1.86516346221879,4.57567017253268,-1.64562883264398,1.55669317473166,0.279756649827505,3.16992915855053,-2.00015492698958,-4.74592551004253,-2.12626991169054,0.82841402730719,-0.442014874879078,1.16995434073124,-2.36761800343629,-1.88071391925541,-5.28661067725943
,5,-0.734467182371645,1.63163706912155,1.63478920228499,3.46299244663714,2.28442536591047,1.38177826004176,2.19058015724568,2.09263582722406,2.03318212292197,8.40727880081477,2.90130741780922,-0.555603452813557,5.66396745226484,-0.885308563405033,2.07030843897064,1.24531239432599,-0.240784584151697,1.98744798712141,2.06613532424944,2.36698009830343,0.217997676514642,2.34242303406108,2.05874997770525,0.919344269973408,1.94170760030238,1.3727603174284,6.3844382070456,-1.81800566685251,2.15348871416836,0.283945921044506,2.78433149764578,-1.4218680287895,1.0284582538925,0.118579097883867,0.0611464043026899,0.954379905052065,2.88555654231232,4.24814721571192,1.40985999735221,1.20661838877504,2.82817500197325,-2.29181110806985,1.30603013735117,1.68909735857414,0.348546377123512,0.723106741162155,4.08456026653857,-0.818714018537776,2.63755490991207,0.277908716192997,2.8766869027977,-0.198515720005616,1.61474227404869,2.08769713691481,1.91735618277698,3.34457735970773,-0.853316166040713,0.972343187293518,3.24180759737828,2.48183376280895,0.867447465611804,1.96208919376477,2.01729621631785,0.207722719338108,3.90603108123605,2.45335409021436,-1.06179671791915,-1.66234790495628,1.77420468555283,3.46774350915166,0.579885074940648,-3.42759230986621,-0.648523308429048,-1.48330855774657,1.37420214537087,3.06180188617009,-0.917898765703285,0.248422636176201,-0.346667588099535,0.881942823045392,-0.658317791572699
,6,3.17063273708982,8.85370278914479,2.1556274921868,1.59195170885687,4.87178228669382,-0.14216646414252,2.13608639666154,5.31769053099879,2.0343017312739,-0.914966374821688,-1.9560203613928,0.101499277714538,1.25504264577921,-1.55425534091455,-0.335681426770407,-1.21199784104056,-0.176844280310888,1.7144109043943,1.57163727236502,0.260396664906693,-0.0583481156454582,1.94009255115407,2.78505294892602,-1.23885077290197,1.22592515815813,2.24116085573678,1.14885263343103,1.70952144442208,1.15432446598334,2.51323661548577,1.74298718808586,2.55181077110956,2.46222756819316,-0.614719504173991,1.31975181302323,4.77947687140386,2.67072500817631,-0.64907798268132,-0.612487326856353,-2.57972474057078,-0.412719023786849,0.898638081754143,2.36505882985739,0.501145127238942,0.409944208914112,-0.141621907553144,0.876021882497298,4.05843397672334,1.5513003910105,1.96362566615289,3.05656541353346,1.68813935033313,-0.485787108776094,-2.20113815491914,2.8371779589238,0.730604520007091,1.6071408911821,-0.914466595874728,3.000953898028,4.81217221601128,1.62371970895811,3.63480781219278,0.699284033281401,1.50310818856451,0.518096749214237,-1.62486086553736,-0.750195172627627,3.00912328277127,1.65034701152308,1.03592741713692,6.31139605212184,-1.01710418629591,1.52757112829886,3.52341612916325,2.03589527821259,-2.13702890806644,2.22836386278004,2.91097614695991,2.03806745767224,2.93994115387841,-3.30881922649178
,7,2.20918500504104,5.50220647143306,0.106301389966575,-2.83108180664567,1.28931061018375,0.734021152434252,3.10367089515012,-1.30736925576139,-2.28904036102676,1.09352907910306,7.22105165467519,5.86313175746318,2.04214605212383,1.20468290315284,1.97376852528078,0.851662894857782,-0.473419617254876,-1.71899989259737,0.926605813249353,0.700793384923145,5.85431899437435,0.958195612632153,0.605631453023307,2.24693924732856,2.27455519434579,0.742425060614096,1.80699034836289,-0.883832148743295,2.14614442867378,2.69315983316301,0.474340850033514,2.03948751761618,-4.41305735218111,1.87234900382327,-0.794985964369516,1.98012423464115,-0.412350062443693,-1.03393964519955,-0.000697913249041449,-1.6509614031861,-0.247293205916776,0.777348218213774,0.871454676185749,1.46748675725939,-2.7590741106842,2.63648210321116,-0.403615306204756,-1.09241743294751,1.59304117256897,-0.720972558960966,-0.202564291611907,2.20924359364426,0.656872738659331,-0.952804312354147,1.25427405318669,-4.46630641733918,1.95343221412395,-0.54177837869247,-2.01825811929575,5.69537956385875,0.753579911998258,-2.43206993015428,2.82430398375527,1.41565450599819,-4.02651727274861,-1.1307748918266,2.38305515711636,0.516725458895053,1.36231588231794,0.267506152268652,-5.92703231403721,3.10580671495791,-1.04065853977681,4.62181038830795,-0.657682486347312,0.730245140288389,1.78603669624772,2.16471406978417,1.52750075090444,-1.31911864508538,-0.512619392712168
,8,-0.706911873700847,1.05544094912193,-2.44129191804132,0.0282951503691038,2.71937941197621,-0.143157791832891,-1.29414747855526,-1.61862416814756,4.95128397949384,-1.66630973251313,-1.27612981136326,8.81235119425537,2.90193395530969,2.28885229346542,0.326793871334303,-0.678224989327191,0.151223644433685,-3.82651590513296,2.98757589469687,0.334506144849911,0.906505394198575,1.63617938302923,-1.73340623848435,7.0734310718326,-0.949184729915942,-0.396243172068807,-0.524494846526522,-0.591387115544876,-0.21680716599576,-3.71868743091136,0.181709390997185,-1.34433053447947,0.183783196725471,0.12176966455263,-6.08136905087258,2.50237465405371,-2.60805663241854,-0.969215384431209,2.83645683804934,-0.11975127259484,-0.293606440333406,-2.66482525999891,-1.42346844072199,0.558156903774488,0.556509210809509,-1.25964491345439,5.8033089728624,-0.869502125523013,2.9482452937732,2.02533305090947,-0.246455177114512,-4.31418194173966,1.84142917340478,-1.72154412378541,-2.26257770026541,2.16839262933991,0.129755671092425,3.3927270669783,3.40239173245209,-2.62975763584245,-0.597099393388817,-3.25424662369733,-2.85741201164319,0.961877705545248,1.40062438286077,-5.51123544939264,-1.37432294840391,2.24274659474122,1.57707510701903,-1.75005108685946,0.119897148423206,-0.709613975584034,3.8353018852099,3.87399490406051,-0.0368616361715794,2.35887524740701,1.75894626124409,-1.24626766124993,0.00996014751717667,2.25161591899541,6.17483821504857
,9,-0.236040350898747,-2.110225805146,3.2007510924841,1.7603445933396,-0.110696089800967,0.464549224820075,1.6003960140406,1.92825105876454,0.706025908891661,-2.04154098402387,2.26467271292086,-2.77142680004954,1.11552753287287,-0.897320387487525,-0.402239414341693,-0.596500437500254,-0.0459148397649187,0.303143873053159,0.586704073626606,0.183794814823614,-0.416689121090258,-1.42245318694449,1.35718826429365,-0.795583669839743,-0.275108081234066,0.539613601119981,2.65658469080336,-0.118175745729332,-1.43482479948534,-1.15229096919938,1.63234890060221,-2.21282813539347,2.12963673915192,0.78343767898059,0.148123658550503,-0.788782589227594,-3.26875966786838,2.52615252017677,-0.509824860774188,1.0918103459544,-3.0815739271543,0.118500274088092,-2.77650250529359,-0.906130251710692,2.34990850035638,0.286301369005287,3.88981251027599,0.815203874159579,0.287959196698012,0.880346328667656,0.847712369756209,0.889733447668277,-2.98300624275817,-0.997573019261836,-1.6492704403895,-1.20901578430903,-3.5157662821166,-0.0134259761357498,-0.529029160779828,5.78944018445554,-0.036100973230532,3.99261154147416,1.63524745815994,0.820188682235766,-0.425643743251385,1.2374950184153,0.463316831729571,-3.80215251066966,0.735198864486392,1.55045785893844,4.77670555045233,2.55516761481113,1.914646980219,0.614844080878356,5.80568277176599,2.83929663303479,1.70150992822983,-0.930977603932661,7.28160730640093,5.43094920078192,2.99878344615672
,10,-1.07268917661304,0.155832259722956,0.0286298523819823,1.9003912016924,-2.16347897098512,2.02481635435834,-3.02011954172576,2.56505525491684,-0.0128463011869826,-1.89263356188167,-3.964150392997,-1.61241024970332,-2.09350737470277,-1.87879108032939,2.43862228971648,-1.39570072937295,-3.08276184064835,2.44789276702249,-2.1149070867541,-0.503947586978938,-3.10541696330483,0.941413257436579,1.01289499708855,-4.96234236386363,-2.82248033866654,-1.91482635285729,-3.43380541305214,0.800785401010216,-5.78431106175822,2.67646590528284,0.904660196945315,-0.138910739909079,2.02396588671854,-3.22102216830217,3.78212839426669,-4.1080680362129,1.25972334614789,1.23151317867905,2.01438744606685,-4.03854290155778,3.65625283858435,1.4471878692375,1.21369812096646,-0.807888776887921,-3.26136048419085,1.40982121429715,-2.00814666612132,3.14859128443231,-5.16422304030675,-0.881528844630338,1.30479416614253,2.7715238141127,3.6414937833506,4.61750605299358,-4.63823683639703,3.40363969859982,2.36873291502843,1.42664477755216,1.30189732315966,0.668658613354182,1.5555027000778,1.74753768544497,2.95840088133809,1.62346553499265,1.98073591476123,1.95824799301454,2.1602846834694,3.84137628436156,-0.0104000893911689,2.51097351548287,0.147977073536367,3.17163489965697,1.13855908643473,2.30113862033113,-1.0278888255707,-1.90734774163548,1.23449001052404,0.670683409018238,2.11706161123811,1.23815710034023,1.23336451201385
,11,3.90700331211838,1.27118391230943,0.952610913867375,0.0844878349666942,-2.96842957237595,7.32231953910059,-0.00411160292878776,-1.49074064809292,-0.629948591654738,0.379176495744559,1.6399985122016,-0.0130197240387133,0.335539941919706,0.873523872875921,0.988702922976245,0.496049299562401,0.668636724461521,3.47526336625742,1.95001698081933,0.12425575757743,2.86462517260452,-2.39813430210825,-0.319458692170883,2.83663685462943,2.21688388530174,-0.531167982269835,3.23513800231467,1.8368786587489,2.09172323106395,1.85002464610579,1.47701980013562,0.976483784407719,0.743424460880306,4.65500859988015,4.14958892712821,2.46111828268931,5.71841209389686,1.40877422933636,7.19223215384591,7.45333097923049,2.24570794728743,4.34740388861837,3.56274417276063,3.01606534417169,6.51805554494103,1.98022993468567,7.68685727730644,5.50095292079232,3.8162364417235,9.10582174299407,6.6925168222142,9.89770615347788,5.51937701236011,2.45198688803839,2.08134000143673,6.77721345944428,3.48718787795451,7.45163527698105,4.31725121994532,6.24902439380821,4.81705241931377,8.61716151243536,6.27256385688406,7.31349270691589,1.59300548599504,4.40860961433964,8.08269727166407,2.63526444327817,4.38397200968484,9.49225289816695,8.43037996077737,6.03435937802624,5.40283360046578,2.85698943227453,4.06942616664492,-1.06575657040503,-0.298792506316659,0.13550365068113,2.61443144666009,1.87143938431927,2.87121554260921
,12,0.421114675626086,4.58902030963054,8.244097844301,0.0766134328018779,-1.84506080066467,12.026146367401,4.19651616957708,1.56955266779869,6.41044804818966,6.58920268486372,2.9097290490904,3.79024754254169,2.39514653955848,3.45939598120685,0.984331348636715,2.07997861704462,6.51476789399158,11.5162368122742,1.53828145812167,2.80898406158394,1.07295240410713,3.94304696548534,2.84842810407599,4.38607512576391,1.81292936268255,3.20957760291094,7.57740924219706,1.95886788102871,7.01346071229545,7.99555931764871,0.754535271490568,2.45477723738577,5.04363062783159,3.54670682436927,5.14181536249316,7.24441623932762,8.47737594749742,8.68690389991389,16.6280687492072,9.41875305578515,12.3692369369028,10.8503072867697,9.49927964396147,15.7692779705053,3.04752825023434,9.61209546420196,12.8333109280907,14.5203067627554,2.79146770020179,12.8911423082823,14.3694703227006,16.8701013550544,14.9068515915342,18.4286829130529,7.61722898118205,16.2382468930527,9.65196849466747,15.7214795486802,13.8430479400577,12.9310915973515,12.8250290196752,17.708912006693,10.9388174611472,12.1072063940842,12.5239415855585,11.5871233701987,15.3013331132843,8.72899747422889,13.6109501654223,16.4864010236506,13.6566557608407,15.4944466705751,1.54879800492108,2.55420671289176,2.7140213725379,0.0879302682319576,0.209177619663933,-1.60635412981401,-2.68961903112222,-1.44353931732894,2.3476661006307
,13,4.71367444195312,5.95363561297381,19.1842722036295,8.4291388352317,2.41554624972969,22.8326097855706,8.31838545008895,8.22525178122532,11.5223890097609,7.42660749089691,11.7243021822524,6.40906053519802,6.34973177343136,6.4617434762954,15.8193287209192,3.24185416598812,11.869429052108,27.7106746809045,6.43761936208239,10.8800897853221,10.0804299483498,12.394834399,18.9370918390091,13.8502620664035,6.07836371634357,15.53400832749,18.8458517177337,1.20165044093301,13.7333005732312,20.3637418789481,9.86494424050215,6.79432054701647,17.3619806564898,13.4329174423001,16.5642495940538,9.39861707819409,25.2252407608585,22.2527668381026,27.4847507745089,26.3296866076726,28.1800242774257,33.1908649164425,24.8472104408256,27.886163545561,23.1565276798374,31.9558099660449,32.251148381371,39.4540043329953,13.612911803948,26.7384535223273,33.1733024570231,36.0364897911445,33.3619813745013,32.2335559830785,14.4011885866403,29.9193821872054,24.1361854154648,30.0933629421215,36.1717364402107,28.6898451614693,32.8469992077421,39.1594897961331,27.267452823738,27.3204550367145,32.9802935149969,30.1487265138639,32.0730585848637,21.3635356094214,21.8718356070644,34.2874430617085,41.6399557927398,39.6674536829269,3.31184976990198,2.10354592096974,0.397535683570368,2.30373936252136,-1.92704534284712,-1.09488512990856,-1.16987967582418,-0.726313276155906,1.07561551008985
,14,11.0536054233462,21.7199001651843,38.1440753235074,14.0584239692566,16.8275861128559,53.6351089690843,22.7549624342964,17.6873837961571,27.475195106153,24.578213214073,25.5374663358211,33.2415350145784,13.3802554172098,20.5471132169555,37.9242720340385,12.8872171030375,31.451989556454,61.5730889410474,23.9349475386553,27.6181285378302,26.6609821999887,32.0939838473664,32.3183234078856,37.1266345113681,13.8046403255744,26.0220920819352,42.9423618476872,18.5173178000073,37.5606173077381,50.9325699735864,18.7797155650383,19.7191207797759,35.4346269611356,27.4875413990544,36.5456725875938,30.9162509476428,47.4936354748634,49.3358012345921,58.3979133472481,59.0529432367352,62.9444176549423,67.985118713415,52.8494398048292,60.9848145291717,49.9758261260176,69.2583490527545,68.7902409695776,76.634068408564,34.3373695301161,46.3224029380281,60.608241119236,68.4746769542917,67.2933763367764,63.6226730331455,43.018744604999,64.9388643285724,46.0858764287023,73.8280609605367,77.3334688692084,62.181371812901,61.8094535782211,73.4637518314794,57.5042617293398,58.7735314982951,69.6684736431125,61.8067110146781,54.8651377273754,52.2749290994175,52.065978944232,71.3774869584699,80.2716497617976,75.0809470812519,-2.01914180980157,3.31286962036711,1.21541338265524,1.34944001108897,1.27047758516119,-1.86362258433428,-4.30602865730179,0.657328939197214,1.67272274476409
,15,26.7411403095216,42.5792932712984,75.1111858819213,32.0617498382176,49.6369519725354,108.099456922909,39.7490117234925,44.4923187010554,53.6917290101442,56.4613790447147,62.6500648801712,63.6600330314141,31.2045159303825,48.9939346164006,70.3075597666075,32.8923389095112,72.5816544022164,116.481207533111,51.6661588854508,55.580557841573,66.1755705871942,66.0979550443312,68.6556036502257,79.3700743550671,29.2992605454574,56.8012583847863,83.9918343896229,34.4181637358129,77.9301096202385,106.471354724214,47.2081082267491,40.6894837467198,61.5771955155292,60.9071469610267,76.2873504149179,75.6261601062938,90.2171129262201,97.6642056360597,114.672563268185,114.37756988575,123.688382351401,129.913710411746,91.9666967742078,118.376885662001,96.7890100427248,132.662712974446,135.339676434377,143.019095019952,72.8718917643109,85.5434649816439,117.609262534428,124.163212989251,127.538028239295,127.988538049572,91.0323012082326,121.942741096861,91.2589525299672,137.566037300926,146.147640733215,128.520376961183,114.239191311018,135.458167272019,110.968267771379,119.326597076558,124.376483109458,126.330481352498,104.190273680058,109.928483829433,102.734094118119,143.138324860008,161.088315638828,150.657443654109,2.48974708759579,-1.47855140824413,2.08113136888551,-3.43242647106672,-3.38350792080109,0.497774932337506,-0.528395606427694,-0.280803177108282,3.89060155675043
,16,56.846959324926,82.0694753880271,139.878228138276,63.8042904194672,98.692350188318,190.711733140995,79.8020170514169,90.633412623481,107.089288818962,106.75274821334,125.889589326201,117.194126310072,63.3803179547158,92.3896807071342,135.647600424083,70.9830893799976,134.948451395325,213.367173916359,101.517835603668,106.814543103012,118.626182932213,120.357727947301,137.731552629888,143.122646245497,55.9766069012217,107.663666749419,158.709296768945,68.3972948293999,152.334290065482,198.057151629389,91.6213679135085,78.6741825114627,118.3357756063,120.783420586593,145.329267349426,143.913093437973,162.507649939035,168.951276013763,194.442695717542,208.751465564857,218.866080903176,237.793436005731,169.996519400864,207.109114022945,175.958986629541,234.040837481376,246.515986772109,245.813154370819,137.464524372908,147.494584914926,207.773803792063,220.612322189308,236.035061570301,228.688744691383,164.720690260894,210.503006931399,172.782828350094,243.747642883638,253.804704846337,231.594951002521,194.010038913768,234.413175259189,200.661330246609,218.400929038863,229.315891801874,222.075884479665,184.064025582734,190.600221497864,182.182086273859,249.505633273419,276.612715641615,255.344966481,1.23762885009137,0.0443658229087305,0.522224795115562,-2.20826775389787,-1.59184154373543,0.243229404408794,-0.507892449416431,3.89465146724615,1.81835928028704
,17,108.895292419838,149.013905043375,237.382604132087,119.139629486449,187.520526189324,320.629179181807,152.378194300665,163.695755797651,184.816989933328,193.963675460567,217.36016108037,211.437127137395,120.34807148837,165.558425124947,233.109496749618,136.340999037084,237.143177206652,360.306280110658,181.354204884803,185.038609066339,213.874840827474,225.120333430523,244.290657362898,243.97235685762,112.654432415929,193.709611969248,267.377072138681,138.71372414683,267.983915525238,337.882335575243,170.507128010448,145.294709865778,212.854677249656,206.251014998732,253.097634667735,254.603106334611,267.724356942217,266.35230831067,310.197240517569,337.341785120515,376.198173605188,400.069680196792,283.333069763388,336.111770305034,293.932650796169,383.111921411452,395.898122729927,398.4292487392,216.31505917892,228.396353703279,329.003445876565,370.946811532959,390.792899023792,386.948380260339,280.024987407127,342.986586853758,285.037374425426,401.033517201714,405.744709469671,378.359031546227,313.870718017026,371.446982714148,313.809370292337,354.76889524476,389.073155200156,376.044313836238,306.907092916891,307.602841254201,299.470884891858,409.721596526387,436.366514824387,409.335592940795,3.48425985686617,-1.25691541699507,-2.14885771981062,0.47157044311416,1.40765612725454,-2.17857145662492,0.454444871173564,-0.151945304341552,4.24931417333255
,18,187.776168145775,243.241714143027,365.500953932315,213.700955824261,303.792887726921,481.924434129946,250.317605306628,269.854669664026,301.760382670554,322.274536075125,352.31003989558,334.154006062814,201.047032291692,262.5863915704,362.46032893962,235.300398371501,391.842203745628,543.06516871029,302.945247083398,306.598105574353,335.432665994174,364.432969265511,389.539690139788,380.949428099301,188.507469844274,306.458106038734,413.567199425918,247.124322469603,434.89932092689,507.036062969837,287.351405400565,232.943986780652,340.667055253683,340.66883111784,408.811629881403,396.472322303259,378.537657684053,370.38321683769,442.148739814242,502.637232048727,542.617916465357,570.829115211917,427.88741333559,480.610413155198,434.246898168739,535.137843568374,545.615935022095,552.709826911848,310.929442729669,313.578935848174,462.843361566408,532.367455154645,557.507814596184,554.332883533538,422.312505502083,475.711894508635,422.143989412716,560.932982924545,557.863633320944,529.221272013832,443.925762548809,508.975922247113,450.047942727619,532.839934377728,556.144568847222,538.209765443804,453.287708451988,444.304892759508,437.85757751631,575.657634593176,600.618441290526,567.011826737183,1.74369908031258,-0.0514217954637388,-3.67988573079037,-0.456842622045315,1.56479196893179,5.8221295975768,3.50062547431389,-0.0947235194093992,2.78305329003751
,19,286.226497169921,344.820862536302,490.143422264178,348.339683667574,435.841962998746,638.350186173387,374.711057008707,395.521869838931,431.795883196891,471.690003947089,488.288908662067,462.117893977683,315.314316614591,369.043974415808,488.323899379368,386.924173261764,549.892332060271,716.182585835634,452.2573989832,449.260737129724,474.138908224447,531.680911874502,535.202521127137,519.409441521208,290.075220606203,431.624567917276,552.904502691587,409.193985834509,604.854165568579,670.077897461451,424.738003346839,333.396857751866,481.27207048821,482.024439543818,563.48174500317,537.146384757222,484.183153636399,465.54373501689,565.990680844917,657.676738559808,707.644401913869,743.482729089305,565.719970360177,615.518294006682,565.957716106918,681.068546086868,686.477270914027,701.149171283904,399.012427782022,391.568838911101,588.005855509088,693.051540637925,726.108124633168,718.29621267026,558.918511145712,605.573412363317,550.293249470215,716.16182927099,699.53975546945,675.18526649078,565.934863593343,637.980395370674,574.051884102004,699.488594884625,725.147377146679,697.322872773808,594.417034737454,570.978457194835,567.08112129222,736.273423221461,752.596181788687,717.497873368072,2.42472421268531,1.01496434842147,0.654940162974526,0.515385099443847,1.41535673477711,16.3625670225097,2.76297433041691,-1.75557676283324,2.02229216922842
,20,403.916608566814,439.440922875482,606.396964430528,498.371586445411,556.029604969334,777.977091398471,496.32739452054,515.415329370418,552.878676594213,610.764608336034,617.358944601611,575.874225298448,422.462994982052,466.51422345647,604.604747040222,544.01910164883,700.280502911894,871.59373502157,595.828365803527,583.592936444806,602.551830297832,684.532110333601,671.668944675281,643.300476085234,393.351158052065,545.760074081664,678.847964326397,575.575785277631,766.065930775056,815.941494151581,555.51726008204,423.197089903724,608.795082076889,618.734334945445,708.178932088932,667.16500898474,576.665206782722,543.681214612596,675.816223528188,790.757853766872,850.405556189796,890.976494109104,690.535537924663,731.415807260684,680.857164392451,803.790395960933,802.249013136952,824.483361791471,475.753739921282,456.742983929694,697.755692991434,835.403141494338,871.401502726191,861.911454157975,682.653170364495,717.181439843752,663.075344899636,846.990359045425,816.897851061163,798.326944841174,673.208109103125,747.697761572117,681.011928125063,842.440869056984,870.392986759444,836.307879512184,721.432454309175,679.2277917561,679.506874893731,868.835787500851,879.275957670159,841.466734332531,2.28492294665739,-1.61596215937516,-0.478151134422205,3.64037569977791,13.8535772328214,38.3826257062869,0.0839046421915555,2.24566404422603,-0.809792693952659
,21,512.274576072797,519.779720730708,706.168289165072,636.982173115262,654.733016054753,890.983520945846,607.349314915646,621.43166531339,655.363277447699,730.616396807963,722.431814302731,673.47670814193,518.651174608768,547.873029683407,704.470183086472,695.964185736651,824.707853507255,992.865659202153,724.04300924497,701.03154190839,710.097432894402,815.170056446464,782.930426145624,744.92197503504,486.734475225735,643.150402251056,783.796806925757,733.314979735202,900.141257035653,930.250443621527,670.594748002874,499.796705205946,718.073900516901,735.683253694601,824.623922807511,771.324107984096,652.218172900948,608.832872162154,768.829110551192,895.362283580933,961.435985068601,1008.94073036828,793.236054477055,825.628204586454,774.952744129106,897.712546042893,890.122103770294,919.44730511076,538.487630092964,508.350796658448,789.810634569208,945.088554411553,982.926963431711,973.28996858005,784.294672991065,809.75905138022,754.35487703567,948.413062051658,905.549355134777,890.174703049951,761.349951092757,835.508782347386,770.521657565019,954.575020965244,987.488024469998,942.875288597767,824.844490040467,768.253657870712,771.181533570419,970.454686527081,973.541229567981,936.572640688144,-0.715683886985516,-0.829799308646216,0.198850534274698,14.6961101565412,26.0735522024097,80.0793681331588,-1.89840996093972,-0.967138656002589,3.02360061365471
,22,606.248468953488,586.302315578531,788.539463822102,754.850928495739,732.795147459307,976.933578767931,699.946217383911,709.856756639892,737.714336106336,822.78905129811,804.003194744123,748.996647534827,601.956759353156,612.526500178026,785.813000205569,823.029811176469,921.797231821533,1088.20661084909,832.833229314276,798.15866027059,800.057983876203,914.329370053871,867.064860970615,821.085897737788,564.149583415455,721.551527524008,870.446003117226,865.742350482695,1004.15632203254,1016.8593440985,765.66907556242,561.469079620707,802.834480781976,824.141939773332,914.274600496044,852.407632700811,712.386837778523,658.793924812758,846.059781843593,975.395954844897,1046.02544836419,1096.02550624468,875.020890192642,899.587311185423,850.87504069872,969.444503134919,955.217064588587,987.575973390314,587.737312431253,549.312591478954,864.601941521008,1028.98784082807,1068.04541327497,1056.95376081033,865.049102487206,883.31761744811,825.189269818829,1023.60800922717,972.659146893413,958.693800947239,831.056182950551,907.503388439273,843.922277421797,1037.88214117508,1073.62465938757,1025.50363025017,907.16565501226,837.541819262611,843.025951562362,1047.106495453,1047.23808810219,1007.55133643077,2.40132143404389,2.74205072116501,0.0896518550866858,38.7276711825962,50.1641465174957,146.76102817935,1.82269631946247,0.298471062603767,-2.47301486771403
,23,683.410569132625,637.270165152948,853.743960130715,845.533469841978,789.785810699364,1041.95306640725,774.27977936404,779.818746192193,799.95713402224,890.941587997212,865.207238516117,810.616879177335,666.01918768775,661.942830296892,853.304624896765,922.987157800336,996.138121033778,1160.25418473855,918.834550364323,873.86910701979,869.702962410986,991.391812878303,933.255216667751,880.472303595505,627.467388098769,784.422604685103,940.396075959086,968.329352970558,1084.07040898594,1082.16441352396,840.545346446841,611.492195043472,870.986245979845,892.99672903174,980.053475042832,912.357013493359,759.623405948909,700.269076691428,909.268754098288,1036.62928455427,1112.35508584386,1164.72789664556,939.961164990815,957.266226200305,909.966058561845,1023.5706891407,1004.8219255242,1039.17361518929,625.582812495914,581.706255280265,926.140153670758,1092.65292157689,1132.69432796156,1122.00646752606,929.407111207985,940.445229826419,880.796740448392,1081.67388841388,1024.63748391307,1007.38144086525,885.553923555528,965.651911458659,902.582092422824,1100.97882611976,1139.56310063829,1087.13652962084,973.406707446988,892.450665742456,899.778901315905,1105.53136991034,1102.8253320655,1061.32557058826,-1.22658813562612,-0.860331939790285,-2.93327370834777,76.9402951289894,98.6708732798797,252.202033667729,1.37394033579267,-1.38190495080653,-4.88128323219462
,24,745.952758796785,677.403330401219,906.660104437657,915.31688098633,834.464977799262,1092.48800208502,832.828828726309,835.515485118414,851.442383066625,942.896898959538,911.758754486249,856.374052191911,719.192094667421,702.565540793975,905.982122578383,997.830652175361,1055.57047166243,1217.55630468175,988.800850452441,934.969432743978,924.670080469236,1052.51547366928,983.965797559244,924.351640552592,677.851425792403,835.329919702919,997.038564794063,1047.49372864257,1145.53670504394,1132.85878413429,900.377408688655,650.161324261679,923.435205939219,943.578529653666,1034.58824424242,957.969320893037,798.468284803586,732.483524705561,961.064203558185,1086.52518503522,1164.99752142271,1218.03857915607,990.969970732325,1006.40057465347,956.734016495066,1067.99236502201,1043.3936368662,1082.04306466828,655.934688815462,609.300259920055,975.298274455657,1145.23795591434,1187.64255616516,1171.89343700262,981.465280838941,987.339869111798,923.403466452872,1127.68466685345,1066.99354654403,1048.55180819901,929.688582257349,1012.68147381848,949.3720972472,1152.47772856913,1190.98572507965,1137.94628828428,1027.92535711757,935.75459998012,945.646749511508,1151.39371822706,1148.40980903398,1104.16222958284,-1.69680758417917,-1.27165434324388,-0.412840864642476,138.678819699554,175.875222150771,405.242352787808,-2.49926301685537,0.100970805117413,-0.789374569037591
,25,794.517035334054,709.039910011697,949.551000743558,970.173855210609,868.337618268025,1130.83110272435,878.802397521197,880.82425597418,892.100987416416,982.454061717318,948.630056550384,892.603687591262,761.102431335711,736.101445258449,949.175349513478,1058.17201296644,1100.70113594162,1260.77740997878,1041.88435140478,981.469902603764,969.053955186405,1099.79935874281,1026.60661916274,957.284823449877,720.163583192475,877.026790916273,1042.90505159907,1110.11082524997,1195.71087046341,1174.48220038301,944.954451805442,679.146199059172,967.128669547067,985.7493625359,1077.07440398141,994.041869605824,829.360994256322,760.215268726049,1003.15652759698,1125.79115208237,1207.79389240337,1259.54451155298,1032.71067677459,1044.12844244461,991.508031616434,1102.02574046889,1074.39350631527,1116.08197564997,680.665289134265,630.156582357687,1016.11135829737,1187.0759699828,1229.26078793307,1214.92623154105,1022.28590926376,1022.93558110813,959.569229332648,1165.82455560202,1100.14737225235,1078.63696513921,965.569548714229,1051.10025368023,987.651040527517,1194.92515205894,1232.79290975108,1177.40688126575,1073.92054310145,973.166708966906,982.747856958989,1189.56492279693,1182.83584829106,1137.31798087946,-1.66231479122598,-2.88637343395703,4.16423772939334,245.244445601678,299.18401427667,557.718664316074,0.253741294442079,-2.9944576855637,0.46943570976282
,26,833.972000995513,733.6104141257,984.949244954192,1013.97437060335,896.784290660892,1164.50774910411,915.520345735949,917.700360189265,927.533373546425,1014.45265629957,977.433244196812,923.117264772406,794.476751754007,763.48436644169,981.914303426619,1105.42262855179,1137.18835120438,1295.72421362012,1084.56761936641,1021.98343819149,1006.33639824941,1139.42721075505,1058.29889527707,984.039729021279,754.6021883597,911.380671154477,1078.55478386808,1159.32624989235,1234.93176299315,1206.82112732198,981.864539482944,704.120683062556,1001.9129571999,1019.4636074625,1113.39094374876,1024.09237253797,856.806426197777,782.97422965545,1040.57510574936,1157.91717921322,1242.26363109577,1294.55348899013,1066.07367421904,1076.80055850573,1018.64806527085,1130.10558663059,1099.45279156611,1144.02681098076,700.830260416186,648.398779549309,1048.0848789705,1221.36777294526,1265.44453939137,1249.26109993583,1056.2172712202,1052.13577435717,987.36347286853,1195.62962493246,1125.80695045058,1103.6412966712,995.149195602536,1082.24405544989,1020.40066737512,1229.46238389803,1267.34835791091,1210.41552239272,1109.73702007578,1002.53051021173,1010.39979857228,1220.69349469014,1212.63494947571,1164.62888749296,-2.95758352033545,-1.14051706929149,0.784483079297388,404.310118393881,453.986998721572,696.870388195926,-1.79831530794445,-1.9541887428154,0.41101643526008
,27,865.705383932289,753.20831185635,1014.95323082266,1050.36512704031,919.277977958867,1191.14938266602,946.258250094104,946.955956825174,954.570025596894,1039.53245586188,1002.65242504446,951.590126768168,821.189968793923,785.416129821328,1009.8722957624,1146.17537227827,1167.8094302931,1324.16587313938,1120.00055065453,1052.49531429063,1036.27017249631,1169.9249911738,1084.19288396273,1008.49543139021,783.752692202826,938.882531815188,1108.2425628883,1200.0302049683,1267.75340581145,1236.7862652825,1011.21223687254,724.488345249381,1030.24674153271,1046.96734974743,1140.57242925197,1048.80177449609,878.643227538202,800.818981132101,1069.59468355853,1184.35439889247,1271.53364495723,1322.19156869887,1094.36382592139,1100.83010777514,1043.12526234406,1154.01008234365,1120.94241893829,1163.65742431312,715.993688119017,662.653943186398,1075.56201785934,1248.78047264731,1292.77586757317,1276.85620369427,1081.5686415572,1075.3272697362,1012.14934002139,1220.78892407063,1145.05995462144,1121.31503342715,1018.21526527291,1108.67799046845,1046.88072742522,1253.74547349877,1297.05248836159,1236.73951008884,1139.01728475751,1028.30932747222,1033.00127839464,1246.15681447924,1233.99415092523,1186.22889887542,1.12229574986213,0.339460850691466,-0.311531368507076,562.342447026466,601.782350404015,810.885687961994,-0.878437430506438,-1.35816270393116,2.83744860354773
,28,891.450150843022,769.061859723187,1037.52849370193,1078.2195165279,938.664697442411,1216.16715356378,970.109203133784,968.57696611442,978.358435289126,1060.79811263342,1021.8050825539,974.457768692817,841.601626336053,804.289709787123,1034.13789297718,1177.73723699367,1194.20801125724,1349.84777193364,1148.40128330133,1080.43724572092,1058.24763890929,1194.71747428816,1104.8504494139,1028.58651068028,803.711063493117,960.716261214444,1131.91397128746,1232.52218894088,1293.13930196795,1257.64338282677,1035.67120398335,741.728317283245,1052.15986970366,1068.04546551164,1163.7800855014,1067.36664467353,895.572090306632,813.699741247331,1092.40312180672,1206.31661795656,1293.36772321078,1346.15415244163,1116.84683832885,1122.39715492053,1064.03284826127,1173.96969554907,1137.12799357606,1181.81067937075,729.009035742679,673.889131354832,1097.56932328863,1272.38796899863,1317.64172365076,1299.04897434622,1103.17095799535,1094.658750099,1030.07978175124,1239.66940354466,1163.01635038433,1134.37763039451,1036.71078723689,1126.96047272645,1068.78369421464,1274.72379294777,1320.36694750981,1259.97135974644,1160.80200007226,1046.33777401133,1050.35580768529,1265.88181334215,1254.21340426858,1205.62874002276,-1.57834338759767,1.11864597562635,-0.847932386356206,706.538390219548,732.227292052342,897.706132560568,-0.24675255894681,0.39330253349226,0.320618775597268
,29,911.87123771757,780.577218372442,1055.89861291488,1101.65866911818,953.756939165759,1234.4268979855,988.208256248996,987.450064248708,995.726768417549,1078.42289688632,1036.22205768107,992.285315810705,858.168105860961,817.841619534875,1054.64877153462,1203.98257246165,1215.77681795207,1371.36094117695,1169.62513130588,1101.1993107802,1074.25367165803,1214.28545689413,1121.59251450784,1044.81544546961,819.690926697819,977.700312587347,1149.98196318957,1259.52035369608,1313.82008112948,1276.59161135638,1053.44994018112,752.42293426282,1070.30132429768,1083.73971443946,1182.16051463176,1081.07592595709,907.9736534443,823.689544355758,1108.27812912382,1225.37598835585,1312.03933040867,1365.6806692104,1134.53375414368,1137.60721847399,1082.49187702951,1191.85511363143,1147.22898494524,1199.15495573833,738.848166636941,681.626681210419,1115.00185971086,1291.50171770394,1337.71187304888,1317.3484509469,1120.43541032442,1110.34159075255,1043.53279638294,1255.9767941255,1177.46563336371,1145.08762710204,1050.68826018274,1141.81743688897,1084.53846768545,1291.15828791214,1339.9279990026,1277.1675413041,1180.38598733641,1061.77236387907,1065.39650280495,1282.65170113153,1270.40868019041,1222.52485145561,-3.27798362142721,6.20704812463055,6.69759530768761,825.801512642736,835.459013539698,965.364643288826,1.51160230035794,-0.910822598552386,-2.09895126274887
,30,927.685469027678,789.373677900986,1069.76500778919,1118.61764320858,964.878953071288,1250.85557853032,1004.89590572014,1003.19316883742,1009.19299214091,1091.52347946415,1047.77065544682,1004.69630577776,871.668844739392,828.416364678256,1070.15905570652,1223.87014417699,1233.81688175971,1390.61231258904,1184.72666320461,1118.69985848363,1090.65865044522,1229.77896660869,1138.83763544778,1055.76816755651,833.251814697477,991.720016232017,1164.99166973383,1282.38083514587,1331.42473279701,1291.42853736631,1067.69099027495,762.742150411023,1084.48782064356,1098.77825155238,1199.69868424454,1093.03944878829,917.041989442258,831.595871065468,1121.31094869126,1242.64361541349,1327.42026114204,1382.02064711918,1148.40826497093,1150.19141692375,1095.1512005868,1206.1392152694,1154.30898601884,1214.14193295871,746.903014107439,688.164535435221,1130.07965248211,1308.33173271222,1353.85249171585,1333.95581014941,1134.71672421042,1122.35678965733,1053.86024277669,1269.67962728607,1189.05685418803,1155.31123079426,1062.53382332052,1154.97283364132,1096.77852166629,1307.80752666941,1356.42856254592,1292.98117430401,1195.64243447567,1073.35704556399,1077.80074389771,1297.6443084197,1284.38060627526,1233.35528230463,3.59658810315887,19.8122541744142,18.1263873368443,915.951878442551,912.94021811418,1016.37209485122,0.158581254398086,-3.08211776701182,2.59556147937656
,31,942.23698264209,794.443557091059,1083.40746563367,1133.40276528775,974.652068488415,1262.08253217292,1016.78125835881,1016.88439268688,1016.7773219026,1101.12521596921,1057.79103995139,1016.03688402497,883.00739914621,836.451466444721,1081.85040481229,1244.12568628513,1247.3344038482,1406.11605066338,1198.73956974365,1132.32614659971,1103.63385503631,1244.46256285392,1151.40134963421,1064.29066491005,846.60356648436,1001.29952934337,1175.72195601528,1300.48756545265,1345.13403993595,1305.12197258915,1079.17351943595,771.413263839656,1094.91859393275,1110.88482992074,1213.7570325481,1101.61497339179,925.074323604002,838.362040757931,1134.15467250633,1256.93783901834,1341.56588764047,1395.24579611286,1160.26431244168,1159.87019418076,1104.09957601758,1216.69297506066,1159.87255617444,1225.99434666615,752.114183637347,693.716845339023,1140.92022774067,1321.78047974199,1367.21624086764,1346.9375564827,1146.13699017442,1132.5434608654,1063.31056829716,1282.01316235213,1195.97954262266,1163.57511673352,1070.75959443811,1166.45646348565,1107.40035080701,1321.2009318376,1370.27428181766,1305.36917727326,1207.54551504803,1083.14766580028,1087.13530577547,1309.44504603106,1295.65160207535,1240.81926569529,10.1120138554734,41.377958187737,32.8726074330393,984.667940286993,972.070600554218,1054.40634099066,0.120042110571831,-0.46267937656603,0.893568260673874
,32,954.446517061793,799.101155693918,1094.22142230937,1147.70092699843,982.846946568233,1273.57192754212,1028.23658325761,1026.8706664024,1022.81615545365,1110.87020428754,1068.01175003173,1027.28401858811,892.130146797018,843.744025915348,1089.44803798841,1259.71930827084,1260.32121415236,1418.48937570776,1212.95117839839,1142.00890518345,1114.35730621501,1257.17877152827,1163.98962117987,1072.68870326064,857.705630159954,1010.4813837614,1186.27016105209,1315.65684734279,1359.07035507079,1317.43463426864,1090.68006868164,780.393479675831,1102.81493564009,1124.675353137,1225.47288132508,1111.83098365203,933.477170261612,843.706398226816,1143.91458907027,1267.72018178103,1355.24212346991,1407.60516725085,1168.86950053417,1168.17918411656,1109.08476803692,1226.83902911658,1166.63155634185,1233.17828742756,756.868960015829,698.643592685527,1150.79222298669,1335.25089476231,1377.65885488535,1358.45028170176,1155.53978482863,1140.64640952684,1072.29751791734,1292.44744161929,1205.0398055556,1169.29347539625,1078.23220992531,1174.83876683118,1114.60062315012,1332.87372638552,1382.51852002815,1317.18977902318,1217.27487628017,1089.09864406786,1095.97147119745,1321.74611585991,1304.29731967475,1247.0236971508,31.2864033514516,79.9763846557871,72.3484571091867,1033.79354920468,1017.28148606291,1084.47923715808,-1.52901194003334,2.57532614632919,1.93927046371482
,33,965.049108297263,799.430214174265,1101.57570495275,1160.24173430715,989.285007613851,1282.19867344159,1034.13055709829,1033.78160266475,1027.92959549902,1119.42653462599,1074.84888131446,1037.54146318383,898.907749353131,850.112841272224,1095.94731666526,1274.52371547269,1271.49603146516,1428.19835038815,1225.00364104358,1149.20326376738,1120.69672914499,1268.34817412248,1172.46273852518,1079.04216635317,863.335109550851,1017.78735670641,1191.85685380742,1328.6155790707,1370.81317525647,1326.67031072113,1097.95199285502,785.138219287684,1109.87123261906,1133.16624491209,1234.40104726157,1118.01652823007,939.102871505481,848.66648741506,1153.95620649278,1275.10933524281,1364.4324123693,1418.37372628785,1177.51924382365,1174.4932720251,1113.01764038741,1235.07939635272,1172.61161302237,1241.10129058409,760.857397369324,701.467157946545,1158.20959073447,1346.0575721959,1388.78220963298,1369.38327298618,1162.31446932772,1147.66192257119,1077.35329477036,1300.57153359613,1212.97302213798,1172.74271688342,1082.84506857643,1178.01230105377,1121.20321183361,1341.78717245409,1390.72532307086,1328.46493265562,1225.14943372769,1093.32729743941,1102.18481717575,1329.46855634234,1313.8675693096,1255.61114912361,65.7654199711424,149.483965295693,131.343789692397,1073.6445104579,1053.66592905122,1109.12073471644,1.14082834089913,0.676534601621825,4.12809496185628
,34,972.135766314169,800.317641447654,1104.91957656329,1170.39013382626,994.527994448642,1292.05605514249,1040.06454330262,1038.86136705971,1034.89782552554,1127.55414944536,1079.89426454044,1048.40860114293,902.5506837312,851.479553739754,1099.39109519318,1283.1606989097,1281.4474693401,1435.13377611754,1232.7974594051,1154.65193625626,1125.94357465501,1278.04359878733,1182.62096101833,1086.01171362368,870.114613416405,1025.67144143926,1196.25421263778,1341.00421660393,1380.09554821158,1334.20775442378,1104.17645708348,787.595582772933,1116.61947820667,1142.85210086006,1242.85749624284,1122.64326230867,943.342689465691,851.635543439925,1159.4002761399,1282.15810311467,1372.67184031591,1429.55326808636,1183.87821122242,1180.25874229805,1118.29626157598,1241.81645397716,1176.00052376893,1245.61408427647,762.26813058419,703.42198466157,1164.08249127518,1356.8704718602,1397.26989253075,1379.56090073362,1168.63548162814,1152.66011951686,1081.22012594583,1308.60530704096,1220.1713117676,1176.53421208995,1087.67265286626,1181.41615114039,1126.06182995634,1349.8075159804,1399.96609691298,1336.52260811757,1232.7937174831,1096.19774499236,1105.72418239968,1337.04355211703,1320.10454837415,1261.73361278823,126.877484727214,251.485656277324,226.619022784291,1104.68174485964,1082.88757894082,1128.62344849622,1.77623511346246,0.616402380813724,1.72274892919677
,35,977.375783724854,799.862159893002,1106.72820530343,1178.42529234809,998.264917686957,1298.08754650385,1043.51977753094,1041.9830675489,1040.69615279172,1133.34896495232,1082.33070322363,1054.86450031569,904.710615742146,854.621781856903,1104.50155203331,1292.71890982937,1290.80699575037,1442.85601483419,1239.27725330459,1159.45739208735,1129.50191309658,1286.08513229441,1188.58990882065,1089.14432037068,874.114598689624,1030.00840698165,1199.90586253308,1352.78736558528,1386.97439524115,1341.50127262745,1106.55169172843,789.230234318582,1120.68087358863,1147.70954888477,1250.22067047132,1125.7973990546,943.856386912041,851.518784745064,1165.10756966705,1290.03040574898,1378.64193298439,1434.39238111454,1189.22349748321,1185.4786088135,1120.77881913163,1246.21633096121,1177.04868471151,1252.78695644875,760.659835891266,703.071920672895,1168.84070831504,1364.4383019972,1406.41325262107,1387.37045545286,1171.22056352124,1156.5603367985,1082.48278035821,1313.80628681068,1225.21771913625,1177.15444240231,1089.93759291688,1184.21253655056,1131.48345519497,1356.84761321904,1407.35880835162,1345.45527572487,1237.45317449347,1098.74703056404,1107.36084344077,1342.5150291573,1327.03265356176,1265.614419686,223.609140488326,403.427165734457,366.61568964399,1131.31307414346,1105.90815632119,1143.15395389253,-0.906013037607863,-0.455153501687619,-0.483654402949924
,36,981.945604974833,798.999385525006,1108.88185913965,1183.8153309151,1002.02960508957,1304.37238442776,1046.63095873964,1046.27674245257,1044.26571933068,1138.47567437847,1085.98973707662,1059.45597144829,905.054233890581,854.162393985043,1106.99006319953,1299.4472005165,1296.97969112089,1448.46217264658,1242.40245289234,1165.21180627654,1132.48252103955,1292.51739104226,1192.43367845451,1093.82789806802,878.773395352881,1033.7248474892,1201.77137836517,1361.22485996725,1392.32067858125,1346.09586182987,1108.40840373273,789.653023686041,1123.57887943366,1154.77830118758,1255.53645679917,1127.22796379432,946.355535385556,850.890418286092,1167.33201370787,1297.04356599138,1384.13000216924,1440.7871064424,1189.83398231995,1187.32933108742,1122.58681307127,1250.24166028759,1176.30699021849,1255.451312304,759.59637451252,702.63144662537,1169.63981494438,1371.17459523845,1410.82622139687,1393.04811597042,1173.99297750931,1158.21970859738,1084.18245399501,1319.81770684401,1229.07387862155,1177.29210086413,1090.71029080739,1186.86843680203,1134.65254136295,1362.6493693562,1415.85413963281,1349.48948426998,1241.81789828143,1100.87387516546,1106.54506299845,1349.08406553484,1329.19618987993,1268.07808413723,364.667484137082,552.658203363564,506.14696947691,1149.51720930726,1124.99083502505,1152.60295474034,-1.14894464527151,2.29034434584992,-0.591733802148156
,37,984.958045459765,795.173703437042,1110.13080611852,1189.89084496366,1003.81158238837,1308.0217719882,1050.54947096226,1049.34632582627,1045.52146667528,1141.31611757981,1089.51028108778,1061.52148301115,906.091449876254,855.453128886919,1108.81998659184,1307.53673838753,1304.61153370128,1455.62465138926,1245.82083966186,1169.59620924944,1134.60240341118,1297.10515812848,1194.01885250979,1095.31234877057,879.165000253112,1034.30020417856,1202.39649855623,1369.69154015478,1397.30724305179,1350.96516570487,1109.68504910511,790.467609916132,1124.58086654353,1158.66450241585,1261.07572173156,1130.26577958668,947.359805882345,849.843376849488,1169.18116821451,1302.29171500906,1390.87484768524,1443.76673868919,1189.80887010126,1188.83335327268,1120.70833994206,1255.67463469052,1175.557452801,1259.85161501726,757.678387129089,701.271384926919,1170.16519671711,1376.21589605359,1416.87758819957,1396.7226622579,1175.23215831002,1159.36845044156,1084.63122077037,1324.28328728976,1232.37239911964,1177.99457856321,1090.00351651097,1187.16902116559,1134.76477067374,1365.51878889019,1421.57687433521,1355.20208673649,1243.36695431685,1100.9032401013,1106.7499103377,1353.90682222757,1333.56732567397,1270.77014977666,510.583523345231,687.467366202614,635.508602546406,1164.98797097939,1137.52337691319,1161.35754926626,0.896097602309965,-1.69097706042021,-0.303796859117938
,38,985.798432208821,790.771171033313,1110.54240963975,1194.41350653348,1005.63595232367,1311.56584092189,1051.43240370499,1052.63526905138,1045.50718174578,1142.75768056242,1090.38000103695,1064.25827012383,906.242842550118,853.172369487479,1106.43902908446,1310.8891383125,1307.07602651986,1458.50653757557,1245.19539896391,1173.4329483011,1134.26756454329,1299.86370114298,1195.31781740463,1097.46236748012,879.317335917151,1034.44265779481,1201.73648832593,1374.90900069265,1400.17968229672,1352.97382159621,1108.60130913967,789.682312515978,1124.53283657356,1162.30057358553,1265.48994685301,1130.09616992713,948.256337633556,849.956800108044,1167.98619087107,1306.12720960764,1393.92105492568,1448.10742402445,1191.42738162216,1189.22564654741,1122.73184409443,1260.33703377386,1174.81325435555,1258.6938973867,757.444508845756,701.722014213085,1167.34488613319,1382.04016882702,1418.67107589924,1399.81406021646,1175.58587289429,1158.1417240322,1085.62395106469,1327.95415629167,1231.33892443128,1178.566901242,1087.98477881814,1186.28247666075,1132.01109308476,1369.18842264248,1425.95171131786,1357.57960711981,1245.9309496752,1100.73601931455,1107.14522114765,1356.31933041694,1335.35323448166,1273.58928813234,648.863829717421,795.858865341744,743.381224840195,1174.85382011918,1148.05217959999,1168.50939624961,2.25186246513113,0.768543296597727,-3.79798080978389
,39,983.101550476288,784.648372466395,1111.22788930188,1199.72477775157,1004.90309497794,1312.52338333646,1051.36667283279,1052.05650438119,1043.3643487275,1143.16636387955,1091.03590263471,1066.51541480453,903.752426641331,851.021858682917,1104.15714704686,1314.3693372314,1309.38415447286,1461.03082995938,1244.15927068911,1173.27965433113,1133.27823904965,1302.2626393846,1199.43662083129,1095.22227720049,878.923823967252,1031.78058993338,1200.44329385154,1380.11420981405,1403.85464835899,1355.86267390465,1107.30078064208,788.082199200582,1122.24224862244,1163.02962281414,1269.51968935168,1129.91123830946,946.682535141474,847.395288455446,1165.49032536931,1308.59849014919,1397.65437345116,1449.5552245962,1192.82613365723,1190.44044735031,1122.0549847917,1261.7726241138,1173.00887572736,1260.64632204033,753.907746595576,700.901741330718,1167.13654945923,1386.31471765362,1422.39924471323,1404.22290389735,1175.29997341362,1156.9280783795,1085.35304824634,1331.44834124338,1230.96721833599,1177.32669104103,1087.20549790428,1184.65244302879,1128.78564976424,1372.70938412642,1426.60134436251,1361.04053312043,1245.20363047572,1095.39786054711,1105.10159511294,1358.78878167142,1339.00305134396,1275.3671354976,764.683554588616,878.939583740192,828.175317894131,1182.94846824607,1153.4442714573,1174.77099108958,-0.582178226787619,-1.97792971584931,-4.55945868713161
,40,978.99640367975,776.512862005172,1113.72966456272,1203.29721997369,1001.74272300634,1311.64037838487,1049.92560754904,1048.43148118945,1038.708553274,1144.18704204614,1090.34578132332,1067.28992498321,897.931858576071,848.297342378279,1101.14685813916,1316.17341069265,1309.1250122924,1460.44642721695,1240.87875500667,1169.95524830635,1131.44347965737,1303.30461875619,1204.75681295575,1091.00174849769,879.195753049227,1029.56347879858,1198.25227095392,1383.71821219197,1408.79582735327,1358.33117019493,1103.88825173178,784.559277841707,1119.55963064414,1162.01711248951,1271.7866689397,1126.71332006153,945.932824805835,843.225136587815,1161.65798820373,1310.18510914531,1398.33176647033,1451.66392502256,1192.8679287552,1188.68787444826,1120.89489767149,1260.8197346024,1171.01466558989,1263.62718993806,750.348618486209,699.389278001274,1168.42533870891,1389.86629745367,1423.81019257341,1410.30458153841,1174.11841229605,1155.0994827846,1084.79979115537,1335.2219721714,1229.9698614166,1173.96813962155,1086.84789702061,1182.88794110244,1125.94213683509,1376.09900571116,1426.7525032865,1363.427469172,1243.74897999763,1087.66775478888,1099.41819980887,1361.4080550778,1341.06193268803,1277.97958198309,860.358678320728,948.42092435999,899.595141444859,1188.24176253061,1157.59132369586,1179.2187622297,-3.50877076950337,1.9637743205667,-2.52693255613622
