,Temperature,A1,A2,A3,A4,A5,A6,A7,A8,A9,A10,A11,A12,B1,B2,B3,B4,B5,B6,B7,B8,B9,B10,B11,B12,C1,C2,C3,C4,C5,C6,C7,C8,C9,C10,C11,C12,D1,D2,D3,D4,D5,D6,D7,D8,D9,D10,D11,D12,E1,E2,E3,E4,E5,E6,E7,E8,E9,E10,E11,E12,F1,F2,F3,F4,F5,F6,F7,F8,F9,F10,F11,F12,G1,G2,G3,G4,G5,G6,G7,G8,G9
,72,28.1628007684336,32.1891348637783,29.7361597121395,31.5291725010439,37.569746328725,32.0936710607837,33.8311177804868,31.9583957941717,29.7336600520064,29.2985419307661,29.1168893749979,25.1458568568606,31.0619757639759,31.0305418213264,30.8711333642763,32.5383720166456,31.803613434777,35.2441135922486,34.1166405592404,34.2909946461535,31.8427829009061,29.8837196677758,29.8176039172786,27.3570532275762,29.8045320082512,31.2189650074182,33.4047255463923,33.685013190519,32.9410309592241,32.7005903314382,35.4757742304685,32.2297711306203,31.5072834621307,29.9712564630421,30.9192839342431,26.8270450836961,32.655790891703,34.2184727071721,37.2820046338412,31.1637051632038,33.4303329349838,32.1932879574599,33.1717873174048,33.0202121771588,33.7004132105013,31.816133929627,31.0219064086423,32.1421330630748,30.3208950606939,33.9512910777347,34.186262452348,32.7818032014256,32.7689833097468,31.0340533687043,32.488166700364,34.1758943529575,31.1710523548953,35.3330360348169,33.9739931773859,31.354991611979,29.2952540394691,33.2053944158253,34.8604278169414,35.5861886381215,33.1477983749389,31.8000491604032,34.5004233395453,34.5236958549094,31.1047643272134,33.4875650866251,30.1949658431912,32.756320074837,1.87626793721864,18.3362922791723,2.01324783326237,1.79421140066341,19.2006140993844,0.87802010520511,1.72405714853483,22.6023835723321,3.04670071305986
,72.5,61.0194016649399,69.7431255381856,64.4283460429693,68.3132070855976,81.4011170455724,69.5362872983648,73.3007551910526,69.2431908873726,64.422930112681,63.4801741833259,63.0865936458291,54.4826898565303,67.3009474886163,67.2328406128754,66.8874556225998,70.4998060360654,68.9078291086843,76.3622461165392,73.9193878783549,74.2971550666648,68.9926962852988,64.7480592801803,64.6048084874369,59.2736153264148,64.5764860178784,67.6410908494056,72.3769053505166,72.9841952461238,71.3722337449854,70.8512790514483,76.8641774993474,69.831170783009,68.265780834617,64.9377223365924,66.9917818575268,58.1252643480082,70.7542135986894,74.1400241988727,80.7776767066565,67.5213611869431,72.4323880257992,69.7521239078284,71.8722058543749,71.5437930505096,73.0175619560861,68.934956847525,67.214130552058,69.6412883033279,65.6952726315014,73.5611306684277,74.0702353134224,71.0272402697556,70.9994638377855,67.2404489655268,70.3910278507902,74.0477710980732,67.5372801022744,76.5549114087711,73.6103185510011,67.9358151592891,63.4730504188506,71.9450212342869,75.530926936707,77.1034087159287,71.8202298123665,68.9001065142071,74.7509172356824,74.8013410189683,67.3936560422972,72.5563910210204,65.4224259935821,70.9720268288125,4.06524719730766,39.7286332715398,4.36203697206867,3.88745803477138,41.6013305486662,1.90237689461094,3.73545715515905,48.9718310733861,6.60118487829664
,73,56.3256015368675,64.3782697275549,59.4723194242794,63.0583450020919,75.1394926574524,64.1873421215674,67.6622355609708,63.9167915883439,59.4673201040141,58.5970838615315,58.2337787499961,50.2917137137194,62.1239515279545,62.0610836426551,61.7422667285535,65.0767440332911,63.6072268695547,70.4882271844975,68.2332811184822,68.581989292305,63.6855658018161,59.7674393355492,59.6352078345572,54.714106455153,59.6090640165041,62.437930014836,66.8094510927837,67.3700263810364,65.882061918448,65.4011806628745,70.951548460936,64.4595422612372,63.0145669242636,59.9425129260853,61.8385678684863,53.6540901673912,65.3115817834065,68.4369454143431,74.5640092676847,62.3274103264108,66.8606658699704,64.3865759149176,66.3435746348057,66.0404243543156,67.4008264210025,63.6322678592529,62.0438128172851,64.2842661261487,60.6417901213841,67.9025821554736,68.3725249046984,65.5636064028513,65.5379666194953,62.0681067374093,64.9763334007303,68.3517887059129,62.3421047097927,70.6660720696367,67.9479863547683,62.7099832239601,58.59050807894,66.4107888316485,69.7208556338824,71.172377276241,66.2955967498758,63.6000983208065,69.0008466790915,69.047391709815,62.2095286544291,66.9751301732476,60.3899316863844,65.5126401496722,3.75253587443785,36.6725845583441,4.02649566652491,3.5884228013274,38.4012281987688,1.75604021041011,3.44811429707033,45.2047671446633,6.09340142611995
,73.5,56.3256015368621,64.3782697275611,59.4723194242855,63.0583450020887,75.139492657453,64.1873421215624,67.6622355609742,63.9167915883572,59.4673201040137,58.5970838615423,58.2337787499965,50.2917137137263,62.1239515279425,62.0610836426506,61.7422667285516,65.0767440332859,63.6072268695449,70.4882271844996,68.2332811184673,68.5819892923091,63.6855658018289,59.7674393355474,59.6352078345654,54.7141064551574,59.6090640164994,62.4379300148324,66.8094510927708,67.3700263810409,65.8820619184331,65.4011806628906,70.9515484609493,64.4595422612512,63.0145669242546,59.9425129260674,61.8385678684888,53.6540901673931,65.3115817834027,68.436945414334,74.5640092676866,62.3274103264085,66.8606658699574,64.3865759149146,66.3435746348,66.0404243543144,67.4008264209963,63.632267859258,62.043812817295,64.2842661261589,60.6417901213828,67.9025821554642,68.3725249046894,65.5636064028545,65.5379666194881,62.0681067374092,64.9763334007345,68.3517887059051,62.3421047097826,70.6660720696327,67.9479863547833,62.7099832239397,58.5905080789423,66.4107888316519,69.7208556338913,71.1723772762322,66.295596749884,63.6000983208206,69.0008466790748,69.0473917098311,62.2095286544138,66.9751301732454,60.3899316863906,65.5126401496734,3.75253587443655,36.672584558351,4.02649566653213,3.58842280132302,38.4012281987688,1.75604021041408,3.44811429707289,45.2047671446708,6.09340142611967
,74,56.3256015369049,64.3782697275193,59.4723194242355,63.0583450020998,75.1394926574413,64.1873421216025,67.6622355609521,63.9167915882508,59.4673201040071,58.5970838614674,58.2337787499928,50.2917137136767,62.1239515280224,62.0610836426745,61.7422667285637,65.0767440333245,63.6072268696271,70.4882271844832,68.2332811185886,68.5819892922838,63.6855658017137,59.7674393355711,59.6352078344959,54.7141064551191,59.6090640165263,62.4379300148597,66.8094510928723,67.3700263810213,65.8820619185531,65.4011806627668,70.9515484608471,64.45954226116,63.0145669243204,59.9425129262067,61.8385678684688,53.6540901673784,65.3115817834299,68.4369454144087,74.5640092676659,62.3274103264155,66.860665870051,64.3865759149423,66.3435746348558,66.0404243543329,67.4008264210463,63.632267859219,62.0438128172138,64.2842661260885,60.641790121404,67.9025821555263,68.3725249047591,65.5636064028289,65.537966619534,62.0681067374164,64.9763334007007,68.3517887059763,62.3421047098523,70.6660720696544,67.9479863546767,62.7099832240921,58.5905080789128,66.4107888316286,69.720855633832,71.1723772763124,66.2955967498247,63.6000983207078,69.0008466792001,69.0473917097123,62.2095286545347,66.9751301732728,60.3899316863302,65.5126401496696,3.75253587444649,36.6725845582944,4.02649566647438,3.58842280135639,38.4012281987688,1.75604021038225,3.4481142970489,45.2047671446113,6.09340142612558
,74.5,56.362601804911,64.4982619583392,59.5050732288994,63.0586382059525,75.1509455302775,64.202505704072,67.8167907045107,64.036798813097,59.4791750701748,58.6427869264843,58.3783976782089,50.2443469834551,62.2010464655406,62.0874154433733,61.827937820576,65.0076035298042,63.5684475048845,70.4852344811856,68.2710418503574,68.6095370584994,63.5667177800201,59.750376665045,59.7533162735135,54.7234599457978,59.5477747507854,62.4287422176265,66.7141811638146,67.3246312046537,65.9022873123133,65.3434584198152,70.9782341341562,64.4162208786952,63.0766829232393,59.986087342094,61.8036678246749,53.6089896230584,65.3511742867033,68.4263987713958,74.5829565425483,62.3724622779488,66.907858446998,64.3641546811788,66.3252417845467,66.0413442765267,67.4083901088367,63.6719323892163,62.0678054650393,64.2528419225362,60.6535328000095,67.8587866332596,68.3306845060516,65.5321203778202,65.4791113111004,62.0179888408783,65.0353445407716,68.384516669011,62.4226904826589,70.7530167609474,67.9790197578351,62.7499391572637,58.6711627839918,66.550616315567,69.6894563797373,71.2710727645909,66.3973357887215,63.6482576572229,69.128316483289,69.1438120762899,62.2462726958215,67.1078925022462,60.437742514186,65.5747600585463,3.73071698302334,36.7080131871756,4.01119673086475,3.56358611868467,38.3467419688531,1.7335680920956,3.43406110257723,45.2131606398751,5.99222232951212
,75,56.1287432220988,63.8473347747594,59.3730008768385,63.1145090033331,75.2179035450121,64.224541006887,66.8824512045962,63.309662930032,59.4757099364275,58.4086542056064,57.4058281578456,50.6584777302264,61.74022573943,61.9619576833018,61.2657001651111,65.4988298385322,63.9288241276175,70.5554564937445,68.1167237945871,68.482572022453,64.3956610490432,59.9741143081053,58.991979580618,54.7970055437046,59.9700354755262,62.5537405524334,67.4334463257954,67.6471736513295,65.8080615708125,65.8600622262087,70.8868377244601,64.7930456145633,62.717571387581,59.7835757345656,62.1909503387179,53.8364443800365,65.1830442652802,68.611004142712,74.5977858807321,62.0512439724004,66.6585389010535,64.6622360167009,66.5781592356534,66.1025267495053,67.4618103574808,63.5412082826032,62.0192278052584,64.5822248673538,60.6870863000065,68.2133364768068,68.7016659841244,65.7990700660305,65.9155447474868,62.3990448717108,64.7820788262873,68.3127503578982,61.9629393357351,70.3871066980997,67.8902741013076,62.6016235499995,58.1883302122541,65.6775316700896,69.9398196927665,70.7264631645946,65.7727861758094,63.4160930875694,68.3476363743544,68.7068298264326,62.0079848992993,66.2684147763624,60.2264694204623,65.2282049179531,3.91177217389691,36.56236643,4.13420459177297,3.75183148328796,38.7561351320232,1.85934247642956,3.54912260810301,45.1709415903291,6.65396372724734
,75.5,55.859065772058,61.8391306281748,58.5764451194825,62.8482402211145,74.2510833775212,63.3686444575019,64.8936260042748,61.8529822214389,58.975492708743,57.6077896161503,56.2848657345858,50.496071608506,60.7518248681456,61.4596550663761,60.5085053300891,66.0586177529281,63.6284775114328,70.3469257848959,67.2383219260824,67.9314653528799,65.4018317171217,59.445584808306,57.8814189740336,53.9332734610696,60.5960993378085,62.2661988967601,67.8903647157363,68.0472677632462,65.4373354118879,65.5119142188672,70.208377963876,64.6660471097975,61.9246407879801,58.9068676331975,61.5774153545913,54.7821291425246,64.320121789284,68.0882245093061,73.6140115418326,61.9078822691546,65.9055825777257,63.9141795137401,66.0110520897474,65.7342356124632,66.8374633229611,62.3554041382423,61.1700002241487,64.2324670919346,59.9299955617302,68.2131106764568,68.5334778356317,65.7932967188289,66.2219805155634,62.6506576519598,63.3753294492345,67.1555677499882,60.8080651694706,68.3716489149768,66.9239024469205,61.5019093936954,57.161390121247,64.1015516344136,70.0259063561208,69.1715793529396,64.4957600056599,62.4634364596656,66.8553975534305,66.517331385086,61.7188992532075,64.8700042733054,59.144394193703,64.3523342184727,3.86108362120422,35.6886000643832,4.14869605355835,3.83694765425088,39.0102851623249,2.14454745808251,3.51712680009376,45.0331940671242,7.69632467109454
,76,54.5993148376615,59.6497281508,57.194282965368,61.5289654023998,72.3029861726386,61.4677919546355,63.3093103905728,60.1228072399763,57.555562281166,56.2808169179242,54.9512055192205,49.3118605993773,59.6224354723851,60.4451593332983,59.5925245665342,65.03925154749,62.6617680472375,69.3205733661224,65.5867714521639,66.9751448937456,64.3173555607183,58.2326110643645,56.402102976031,51.8100102270918,59.606185442865,61.3835409903804,66.4766335422534,67.2034438715327,64.4265662750504,64.4458976049168,68.5253320521692,63.7434677380462,60.3899591388451,57.3882400629149,59.6297644028873,55.2905779630848,62.5281902806772,66.1620935819113,71.5529116376099,61.128251467825,64.4549784320176,62.3752511694407,63.9760330656214,64.6431832989769,65.0960321889737,60.7323912012737,59.4115474467823,62.1676152182863,58.239767340518,67.6842704062601,67.3959887219885,64.8219866259741,65.5399060748299,61.6173915974887,61.5828852166613,65.0381339669615,59.3896433212141,64.9703589746581,65.1774092441021,60.0018488966616,55.9791786351421,62.6016676342751,69.3406647375014,67.2180731123128,63.7546095120944,60.9753049247593,65.0470403486847,64.0546929472019,61.1080782819752,63.385001928596,57.6096163077425,62.6867065287109,3.72940173689773,34.4255379932007,3.95274833871599,3.67331187040969,38.3550291137127,3.0393861533131,3.52743734540627,44.7351815542342,7.91605885808644
,76.5,53.1905616635354,58.0780741844452,56.0299888805806,59.9623577236105,70.8819592175045,60.3048891766454,61.4268596360156,57.9464231277072,56.0258183986574,55.1627845697778,54.0088385917379,48.7187462326335,58.5165249934295,59.5689504803673,58.8996703084156,64.1484141487925,61.8523378824344,67.5137549794229,63.536505245378,65.0740495187619,62.7325804093338,57.0318622564664,54.7318577773465,50.2951437340524,58.0199447902459,60.4201310794911,64.4435845834687,65.9417184741221,63.4872241088678,64.0227813897333,66.1633223927939,61.7359918248935,58.4499419267897,55.3297326292455,58.2064503424722,54.9864329874091,60.1913686361064,64.2136519607116,68.9309378689693,59.6922652465356,62.8429125440555,61.4069735615399,62.363597766495,62.9553016092108,62.6730626603944,58.6910175829229,57.6621453796805,60.2748847211906,57.0627859041805,67.1407440913448,66.4817876848177,63.4431465995033,64.8759311444823,60.6379449521152,59.9906882280083,62.9696502005313,57.1499606346373,61.6209101620044,63.1302594094468,59.0273067427762,54.7592500637453,60.9914544393681,67.8892214386957,65.473370734382,62.5975494447257,59.7900298623437,63.143251811873,62.1728170552261,59.2138067689452,61.5145916762849,56.245836974274,60.7702230796193,3.41160534366611,33.5227611326949,3.43900223978392,3.29602189407251,37.2326554730678,3.30633496473195,3.31828499237446,43.7967519591958,7.45403979801904
,77,53.1042679178638,57.2737619778601,55.9995239429982,59.5630623149505,70.1816931929825,60.7491613485754,59.8237678242771,56.9039918480602,55.0142234333313,54.2621852779108,53.4231147063773,47.8715957974456,57.8887201647412,59.6949600315047,59.0708694736135,64.2442532120494,62.1224778936487,66.8386613415814,61.6274000130117,62.966936660667,61.7745825349302,56.2044589729612,54.0541349462563,49.9248159908174,57.7123356422001,60.4021765319036,63.3075066458659,65.7549328014765,63.6089343592475,63.6206803039403,64.3414658426589,59.5164567116414,56.8053686878646,53.6251254291647,57.4702935681622,54.7601584010289,59.0083275394115,63.597707394644,67.0888665318101,59.6128011540325,62.2813705241894,61.4371178290412,61.0215699568008,60.9615076148959,60.5664481525949,56.6088521007622,55.9199105739913,59.0407661770097,56.2689874440432,66.6253126102092,66.320704254495,63.022257418202,65.265075872893,60.6093293475858,58.4051707526885,61.2196701954385,55.2231849149874,58.6108712517474,61.5257591273224,57.7382741187104,54.0026670314168,60.2843677006304,67.3066519276708,64.9232142046918,61.7653282354948,60.2551181574063,62.2367747014054,60.6063421336813,57.2946664654154,60.2962627900182,55.7486877951198,59.1254479449565,3.1774980546237,32.5341192888512,2.76043217170229,2.90689473870265,36.932599442442,3.05984519442279,2.92514273329743,43.7378664359239,6.96782288988652
,77.5,53.8799377932019,58.1832898297905,57.4198577986081,63.8714203328744,73.3744153012452,64.8608505358515,59.2494903324247,56.678622550337,54.2702665876305,53.4031563380757,52.5803426428075,46.5432778822392,58.5947508596386,61.2466959203391,60.6108495841904,68.8629122824453,67.0665924441224,71.6263796266842,60.0378787704736,61.7230473294043,60.117848166773,55.4816997557768,53.9519165670671,49.2323894821151,58.5086344076886,61.8864448569541,63.2573480953953,70.946076768959,68.7961280872156,67.5249441746491,62.8743880397154,58.155298029414,55.458301732384,52.7895251676676,55.9591065513575,54.3347019375339,59.3041567185825,64.4161041258079,67.8763459728639,64.7667268638171,67.1022081075233,66.2405275528309,59.1674789282512,59.1747698932566,58.9365935416369,55.8070350719024,54.7656602536772,57.7886525102269,56.828681803016,67.5543025450988,67.1174029605845,68.0504007562203,70.3905779744822,64.9303455067899,56.874276362067,59.4538203776322,54.2250056709837,56.2215073885859,60.328760811321,56.516712018257,54.7196144888777,61.8053543704311,68.9736627140231,70.7806136963651,67.706296898519,66.7046306950906,61.3067592611624,59.5570099288125,56.17119977152,59.5809688750824,55.3965508817198,58.1050731507663,3.16617507743899,36.0962151245771,2.47283264203827,2.78921960681214,42.0771812721165,3.19293330686435,3.140285498911,51.9873232386615,6.24810024667227
,78,56.2401145706372,62.4994180190989,60.8796034690055,81.2608146698318,90.0625558964217,81.4138588311361,58.715228848415,55.7205065536118,53.8029025598095,53.1449564273404,51.6456858408158,46.5166881941907,62.1789035050818,65.4033363580745,65.0461728857252,88.0881427138448,85.4974088046015,90.4083871453903,59.1286573567071,60.7655689851156,58.4552762662209,55.0042348067005,53.7897348027518,49.4846508154324,61.7762586057721,66.4234266174414,67.3488676744319,90.8985549327077,88.2610848624205,86.2111633200738,61.2084897128819,57.1792240336491,54.612893805946,52.2006926771199,54.6262323861864,53.5775421212153,62.1755371971661,69.0415276127319,73.1309085847221,83.8208487556857,85.873131858691,84.4626056975866,58.0346657653224,57.7259627095826,57.9943186375777,55.5411365581322,53.9400712782889,57.3743372387513,61.4456854435821,72.0907089572568,71.6314087753099,88.2601651182842,89.2458465758446,83.5668600281093,56.1212857491811,58.2993404467079,53.4584416838651,54.6142740798107,59.1318962581346,56.2976937317427,58.4223581808603,66.9649814590699,74.3929730425698,92.5651718927852,88.2803798255576,87.4530859747543,60.0568993677898,59.1323056379945,54.9047527713592,58.5362237887098,54.8830549363607,57.5288079776146,3.11712196927613,49.5078569271823,2.48699184668027,2.88072801014806,56.9417248042334,2.91858763237707,3.26464372194295,73.5275983536234,5.09040757524423
,78.5,65.9441946795921,75.9381300264178,73.3521487042044,119.095937283057,126.916594376312,118.787973466877,57.7449526936955,55.0895581184807,53.4431683556569,52.7182694657547,50.9103020997693,46.6983647039261,74.4662532201214,79.0856997518389,79.5847352650119,128.960203621626,125.067226319954,130.584349815818,58.4993706676418,59.9318328862506,57.6412933335033,54.2834607046001,53.5614567107336,50.3058588878772,74.5093663891354,81.2446577244449,83.5771548402832,132.685046432027,130.238395590226,125.993567608324,59.6249974083646,56.1520867595497,53.9640574797006,52.0543409669192,54.3847914719976,53.3614706702473,74.2339134832079,84.857603006385,89.0949944883689,123.290537053318,125.556852654288,123.72716098656,57.7115666683832,56.3138469895524,57.3119756166111,55.4704734496346,53.0403753985635,57.410380950715,74.3792678447687,86.484900492179,87.6784258365818,130.36675832276,129.368828343115,123.704174709703,55.6306044872299,57.5161851203317,53.2212740113456,53.4038868388536,57.9424144854735,56.2133581678987,70.0664091222435,81.9231738299472,90.3755656260124,135.710292109872,128.145758156179,128.306600371753,59.1781840976568,58.9369956787444,53.9139914777854,57.5620927495274,54.1919481195232,57.1249447096574,3.21205557043606,67.8724518429145,2.22362202778692,3.12694166656155,76.3549283572655,2.34799364405461,3.22833345715821,100.827702821843,4.52116827411669
,79,89.7154969328849,105.607154253481,102.891415976013,172.070325857323,178.402265490955,171.106794441669,57.4991112985492,54.9168971210503,52.7803229882169,51.6538668252811,50.592617114021,46.5368940939042,102.456430106084,109.399947804669,111.248435072253,184.802694673206,179.79742615488,187.06586719872,57.7206765092908,58.9924020087843,56.8434101301024,53.1149910414166,53.4782749101287,50.4122392372689,103.027629913618,112.886347576929,118.15510539055,190.044074850155,188.476733329777,181.020671491245,58.8306016182785,55.403800126057,54.1251617216336,51.7728495073652,53.7507667217052,52.6391576830026,102.286827374835,118.129173568268,122.872410067448,177.02660602039,181.038262047858,178.52439070951,57.3289957451266,55.429945273704,57.0049745503636,55.6228860550335,52.3191869788344,57.0823180841959,101.313432663271,118.648181013067,121.757009765499,187.730711368961,185.271881926601,178.334196614224,54.7091176004221,56.8948224587313,54.0296517177715,52.6778597555694,56.7503498982843,55.2933888133258,95.7335285134149,113.775789988928,123.740678931018,193.247607578159,182.059656156566,182.66524612348,58.0663263615667,59.0310244932149,53.9335852695832,56.4961349946788,53.5513720648453,56.5833071341121,3.40525785889258,85.25289243968,2.04280631258757,3.41502526165158,94.0413129944381,2.27439765203479,3.54800402671231,126.651541954349,4.4846836143131
,79.5,128.386418949649,150.259893651163,146.232821610103,227.404233642797,232.658835905882,225.84409687158,57.0288409998997,54.0274750532719,52.0805632244433,51.6482594492417,49.7175916474871,46.9061325986307,144.645005908115,153.291291458336,156.683809999132,242.519108547522,236.680531988824,246.253455026377,57.3180144403448,58.1317586362418,56.028502774523,52.3865342867618,52.6426874917923,50.7798777105954,144.820375630445,158.602229795439,167.378457989356,249.402734201336,248.39323438188,239.087248870364,58.6435193720445,54.9215232988122,54.9243927052775,51.5152125494338,52.3479806348864,52.073435575369,143.988842449259,166.587873315536,171.360607855295,232.421496820603,239.76873045613,235.995298601848,56.9727765176179,55.699218662603,57.3140853820473,55.601501111757,51.6527712799523,56.8382508951149,142.749624235084,167.217464625525,171.019519496277,246.434462205207,243.498758186987,234.945499675505,54.2228736161895,56.9198404316103,54.6236883130919,52.6586538274209,56.1116742247569,54.0406284932934,135.270016171549,160.510379480458,171.563559862805,252.043808573943,237.453428579699,237.548407118369,56.8312219664127,59.5112281426234,54.0921671102019,55.0921598793441,52.7946306212706,56.553061862203,3.18452236351987,100.501071818987,2.10160297234984,3.7572834136875,109.130708352644,1.99801150766649,3.81367215796894,148.749877399571,4.75638761754249
,80,174.480994151581,200.839666196671,193.404366494044,272.891287954965,277.555306554316,272.026076041962,55.6632537094617,52.8282475755391,51.7130320091284,51.5377251280855,49.1114727163491,46.999595284285,191.914937347278,200.927821910495,205.976314620064,289.088399635547,282.960838442933,294.529510324219,57.2576339589585,57.5985774143154,55.7278697289037,51.6303562950239,51.6479399777631,51.2969782556745,191.636529976283,208.185286514708,220.795755480955,297.182683276941,297.417897238678,286.857456560751,58.6930500513545,54.3828145892647,55.0565124250833,50.88901992913,51.8177180984093,52.9165784754335,189.445293623352,219.745170987765,223.32074971321,276.309223003353,287.373676906941,283.334759428982,57.1804935182854,56.1465048681574,57.569238953863,55.1537036037057,51.1617100691552,56.5721844558333,189.959597005521,220.8795419951,225.106143923762,292.593731704711,290.839088112258,281.176701143797,54.3474365456221,56.9481099922803,54.5254888994987,52.6058924423618,55.057696607112,53.2441488760345,179.52466197962,211.279650192291,222.175845973001,297.351247006222,280.376510664213,280.38376100703,56.5781976947698,59.1660010332976,54.0639400906305,54.2343436875625,51.4892572005635,56.2721444902901,2.75262455287367,106.211120148326,1.78519737250485,3.97230633589948,112.805709628518,1.51033036723413,3.32223859866855,154.172106748339,4.85106625999265
,80.5,217.603202060423,246.576406209803,235.879253949541,290.172256281748,294.975662595389,291.753408447568,54.7183192479627,52.2064369483263,51.1823900185051,50.2147663237757,49.1410268346366,46.2652639606238,234.131802211692,242.896870680038,248.516546304108,305.16424177405,300.230317949057,312.618045520114,56.8402092460204,57.3541226125003,55.5402588742122,50.4336621004363,50.5382385249089,50.6879200742004,233.728719613478,251.439716616639,266.905469362857,313.722762117796,315.937620542362,305.368882035297,58.9371286002524,54.0630684089705,54.7544487007191,50.2172097305066,51.9890919840394,53.3578032654825,229.588528003207,265.739594002722,267.466011909474,289.937784375985,305.254956544669,302.132510845537,57.4448049513303,56.6772481206717,57.3896641898384,54.1938208560531,51.037423941331,55.8698320228525,231.149639680966,267.415834136531,271.642524433724,307.393906236966,308.941554227584,297.983890494059,54.5300908633767,57.0337848669714,54.4517746208466,52.6783350944526,53.5151370872684,52.3380623128209,218.592722720448,254.709746071724,264.260917153954,309.471319785716,293.365686426812,293.394676026784,56.5464197743903,58.1764773792862,54.0886169534614,53.9100186650567,50.4316012371994,55.2337775817659,2.61977019682041,93.2014293804793,1.7354382674722,3.64095312611721,96.4172147449311,1.31596004569803,2.86985399082886,132.375146851744,4.70919685883297
,81,245.214338278402,272.709081154875,258.70968240545,264.650338152689,270.099013460739,268.677422463721,54.5742510659112,51.672364697078,50.7159564951285,49.7088830461331,49.2278711652639,46.2811713238171,257.072147941569,264.250802792448,268.66157289087,276.412111503686,273.382679715111,284.856955021877,56.3647137073247,57.7077047690332,55.5106626356474,49.7007140931479,49.6809819713854,50.372348671132,256.339881882414,272.169287017217,288.415206734355,284.555337892673,287.687644792697,279.604751998266,59.7087194140846,54.0670621107728,54.9769391834498,50.2652740723001,51.7439338748247,52.9751977116244,250.258958931021,288.469521019852,288.284363875893,260.956359927314,279.608616917224,277.293162067057,57.7848459760405,57.9575712466485,57.8695091786965,53.3197847886138,51.4377328464532,55.4280769227187,254.267593057918,291.244767430155,293.770235573568,277.112627128154,282.440425319014,271.124560331948,54.8864468036239,57.5005399099709,54.3495351189423,53.0925787216538,52.7512131764876,51.3895250948509,240.476650671758,276.353763366569,283.055535930586,276.541367716232,264.404185709692,263.896886170108,56.5664396285486,57.6762440492184,54.0294220725135,54.1121139904991,50.2199397254518,54.424419756849,2.13121847645544,69.3747234682369,2.42824838139279,3.29012574407483,70.5138729053597,0.8030150070079,2.59488631870482,97.5985064216449,4.71849976573895
,81.5,243.137903498495,263.766169956474,246.090989051817,206.636171546283,212.860376072802,212.075457758732,55.0680567090499,51.8693917827442,51.5659178896794,50.3865573459443,49.5663434792469,46.6607830693847,246.819159527393,250.301671104599,252.522594219306,214.628537841628,213.386558836251,222.785655253893,57.5332911065483,59.3805517728905,56.2756596596658,50.6846818147133,50.0488277960371,51.0716567550063,245.565619411293,256.409928559691,270.716576819475,221.187950630151,224.265284362976,219.392277913307,61.8543068402952,55.3680313671103,55.7523307555576,51.8558438447756,52.5810115026013,53.8131349923964,237.152762339213,273.444455378106,271.51010596838,201.725411286571,219.763798381703,218.07087037293,58.8036345375617,59.3437988042592,59.5198544624797,53.6118869465939,52.7200316022206,55.6016729827447,246.456333598224,277.514278731412,277.307237747532,213.867793149469,221.645886976355,211.902984440859,56.5374246770496,58.7245079195781,54.5989434556743,53.5946315013898,53.5066062799299,51.9326598928697,232.219372534901,262.380079646872,265.163333067961,212.140196803534,204.692910491051,203.966290772341,59.0064751809507,58.4829501796839,54.5849722293494,55.6875431824341,51.3061870225514,54.5365956139364,1.59376076806399,45.82958572989,2.70595015713388,2.97213995658586,46.8397072569521,0.519517100089956,1.9228657501734,63.8794361022915,4.74790739542379
,82,208.262363833594,220.654010770457,202.265104608538,140.001617941391,146.704143325832,145.570837078999,60.4361425307214,57.4932204526616,57.3595867330959,55.5794991020988,54.7723628202631,50.6418573362333,205.250219746031,205.31464047057,205.773711204815,144.386407933344,144.719198589968,151.237833076058,65.0445448065573,66.8919133432172,63.2436553783617,58.2281285186986,56.39702758611,55.2271431414362,204.158522482813,209.133511436971,220.055964646886,148.780965598985,152.010993251749,149.326858741202,70.5697344219437,63.1021203464099,62.7765622618605,60.5813567493157,59.7207731132614,59.4336756571277,194.807287401016,224.442096606407,221.598125782843,134.812491083678,149.528574165155,148.68990435216,66.3928831035724,66.4580438243338,66.8122606998621,60.5272876400874,59.5855538327453,58.673148296163,206.820427642143,228.824315367924,226.685998407721,143.06934954032,150.850425496413,143.661094746574,65.3811366144438,67.2416564739541,62.1544594389566,60.4591816596001,59.8259208173472,56.9762797527814,194.001910347513,215.570449296152,215.230465626708,140.604823596748,137.592511099258,136.801255592009,70.4781304714099,67.8328854482188,63.4431586372899,64.8406847235937,58.8708987861152,58.640246647663,1.58573198786962,24.5673434678657,2.40240064507043,2.46551212124336,24.8935470844126,0.578055286431152,1.75076812845128,32.6130034429502,4.09134128504337
,82.5,154.305451617473,160.719725578894,144.937857794138,78.8931895869824,85.7851823081393,83.4221321020375,85.1828446075881,81.2789380745273,80.820055503722,78.9067476358593,76.5306204154825,70.8547919376996,148.73173084167,147.581930761799,146.379078855772,80.0685844370758,81.6769667482153,84.9368012721822,92.5959154132746,94.5355584659741,90.9498057053521,85.0846918392484,79.766323220642,75.8557101440493,148.209780164319,148.610015133297,156.146826568458,82.6840893871614,85.7121914718583,84.8875067881319,100.692770405882,90.5063066092267,90.038367127326,88.2157015546675,84.9416397263101,80.5133082502294,140.213660876738,160.756622573966,158.163689968285,73.6502297301195,85.1172247166454,84.7731782527894,94.7136361253804,93.9671753783857,94.2161281216404,86.6010393035112,83.7151617757155,76.748869534088,151.060318639358,164.094762739859,161.233380969134,79.4161222290577,85.5250782295571,81.0489748854668,94.1388578363644,97.0876965879763,89.8026972118117,86.4123349118226,84.1457322432848,76.6421581553109,141.473311351746,154.003201803936,153.141742947579,76.6592121334866,76.6400409325763,75.7087352771638,102.727264823632,98.4561029426984,92.53955751735,93.9570670026354,85.5237468336843,79.1830652397326,1.70740107147526,8.81336454540372,2.77052858024274,2.14674218228737,8.60173697941769,0.606252625390255,2.39921691209429,10.4963202908818,3.88670981128115
,83,98.7329704456864,100.463434059799,88.5660716889826,33.0201107359972,39.1503634826233,35.4444552002371,130.785015642661,125.131205111915,123.488426925457,120.746515346685,115.768234450054,109.495329274307,92.573972085635,90.9908137263235,88.7193628905439,32.3649858854392,34.0574413712624,35.2174973785869,140.817697572008,142.775856888677,138.70150521363,129.032887271539,120.873869715919,115.525294277249,92.1029860315668,89.80761313369,93.8773746111877,33.2635116984529,35.6871269596598,35.5451609997608,151.984073589746,137.510807785394,136.02282838543,132.46791805549,128.040720005854,120.630048959493,86.0484188479552,98.4379103537491,96.7288057169811,28.9828310888305,36.8730014427427,36.4741941977743,142.259166163082,140.351602696224,141.518129953833,130.974072979492,126.50696950282,116.840947717312,95.6184476982787,100.823322579103,98.0385384429104,32.3112357688231,36.461346526661,34.2202839286569,140.815345399036,145.59708633877,134.527481599952,128.656908676585,127.919492613932,115.969074474228,89.0584323627842,94.3631331247697,94.2671768106862,30.4733077538556,31.6830204299702,31.0206817600392,152.778109021653,146.746639524704,138.244605980797,140.221574099692,130.243812314529,122.2646444728,1.87823593191456,2.401542550454,2.83445358533891,2.12758876919969,3.21746897900942,0.778856389079749,2.76619162037525,2.92853056810054,4.60685680265158
,83.5,51.5023283520223,50.7771642403266,42.7852971838881,9.53238212367046,14.4104164973476,9.71904056593951,180.930594064961,174.553379634639,170.767034301953,165.624978465431,159.846109750074,153.605306317534,46.5288122948556,44.5318557977628,42.7024049067162,8.54505470177389,9.40729301808523,10.5074607518267,193.467960388743,195.323741339202,190.009861230882,175.573420366436,166.620216505726,160.121666114507,46.0621588517535,42.8707461006366,44.2503788041358,7.84658775180316,9.98343469490783,9.29931142790554,207.534131786185,188.765969533094,185.681518956729,178.944522102115,175.6812617721,167.265836233387,42.3177430557699,48.2418946705338,47.5992615765877,7.05358418845378,11.1720656608633,10.7544778486634,193.535848600816,189.99971722742,192.250849994921,178.922351747836,174.27895224351,166.988824271098,49.5186608124302,50.2227704384637,47.744850142078,8.91713366268573,10.8567864060315,9.93475682185488,190.853778208483,197.602232097237,182.019661875044,173.11240786466,176.113052144876,164.257446880198,45.3114607080286,46.1660599702646,47.3956452515911,8.11961871038898,9.18218445633693,8.78395626677144,205.084528674411,197.191011453854,186.377100116993,188.763669671755,178.793997479424,174.255106476102,2.34890381257094,1.95617584795536,2.13125331838387,2.17889580583852,3.56571868088668,1.35237413569695,2.74390013759012,2.31139471480333,4.66689680661824
,84,19.6623433486545,19.2024702612205,15.0863730861476,3.23262222525653,7.38257414458923,2.1699550756627,227.859685963439,220.982279973387,215.340708594287,207.968363766075,201.457978043351,196.192106103012,17.8773923013273,16.71189622181,15.9487781800599,2.4345110319619,2.89984677466026,3.87443754804445,242.136340792075,244.470436556869,238.252907179962,218.665421265695,209.003775199949,202.258439820964,17.8793297960547,15.5387110426244,15.5426256247562,1.43152499458995,3.14826527325624,1.96405310104177,258.077887729002,236.098944416306,231.801139227187,221.802787093351,220.140008032332,211.527820288771,16.5443340889051,17.9890459886374,18.267799184753,1.13014531800673,3.5405830644732,3.17655825354979,241.793052391521,236.99632770529,238.951211712473,224.019582176252,218.569595743315,215.38298650326,19.8804425191696,19.2886373642758,17.7044512607015,3.16804126605325,3.29256256751933,3.13740520384226,237.52370210663,246.358066244678,226.634270705487,214.771067737456,220.43562846098,210.58568137471,17.5107501258206,16.8290542229182,19.9755325764367,2.84287206323626,3.30806998332383,3.00576727167055,252.221381701526,243.469682097776,231.002586717551,233.842944164696,224.105962555074,223.996960010124,2.40753001348469,2.20432654846883,2.31753822901436,2.23705491610406,2.80336855302022,1.70990316396814,3.07074750740298,2.03448311620531,4.141703892213
,84.5,5.47584346876812,6.13914543850166,4.39923744365683,2.73702944685311,6.37352260957249,1.27500072950238,264.326644685103,256.15983132253,248.738632527068,238.489763321333,232.107053924232,229.775318579069,6.32848946518146,5.90832432538735,5.83007317106586,2.3105378704355,2.19503457996234,3.09315637218623,276.63961527034,280.205851251918,272.397195628895,246.834385701648,238.964928857136,234.562232912179,6.10882988816576,5.3841267402936,5.24996812614017,1.26765665557434,2.39016013035393,1.25343721886014,292.764369143395,269.217804260508,262.610648275986,249.021862261308,250.998074522494,245.015578951352,6.27993260362558,5.9449147449443,6.80330514444785,0.785650043673343,2.72643063761899,2.21768222986725,275.116018429429,269.231872058274,271.375643180909,255.199696901544,250.550965335607,255.789261572624,7.60349846239399,6.53104083152067,5.76682190509092,2.59936411569566,2.31036477403825,2.5462013423309,267.749943443726,277.831971396743,255.398697673258,241.784135100771,251.567980503796,247.832681762113,5.70392893250744,5.30642139614321,9.92425343022933,2.59820375421623,2.73015042927483,2.97409389599233,279.733964513446,271.308369090695,257.989615715277,262.237366609445,254.734487120951,263.379034929316,2.38654315050758,1.72960447400857,2.90306787074275,2.19614416417767,2.26460473335027,1.84036327661403,2.97492494807739,2.08398333132095,4.21742857301604
,85,2.50395285753547,3.21049849544909,2.39163126016865,2.32597145294585,5.5491295103526,1.01884003944423,261.48747875751,253.98336801447,244.366159603803,231.620419185183,228.203863934352,230.998712972782,3.67785918574458,3.08427542985982,2.86698404396941,2.95238178494526,1.94418093729126,3.33209949000695,268.896502039176,273.493023960777,263.233505866421,235.093035698121,232.96596030604,232.259108371543,2.89178312116212,3.25895230301023,2.97315560763491,1.57310746871991,1.97736739491421,0.890313640592467,282.596438463683,261.501388897623,252.59885778833,236.943509169303,243.784987140196,244.099264257165,3.61931684169809,2.88137584575441,3.96992723556076,1.61716726127315,2.5729571194106,1.8291289513827,265.253830266304,259.068921482737,262.347442514301,245.901619249956,245.903711160594,264.739230251501,4.50892982221978,3.69072401885126,2.91614371374027,2.47804010584201,2.32066008512106,2.71213515291964,255.611650713617,265.110334219218,243.038421351651,229.858062164341,245.883003488984,253.997705677626,2.6365495556829,2.82850838444131,7.13157917213317,2.47448766612922,2.8715262959638,3.30060941509305,262.180715457055,255.598202515773,242.853253311658,248.004624427154,246.494190602792,268.284809928877,2.54827130116229,1.1440193733809,2.72571336288394,2.3822933517265,2.8371048855912,1.86205883946047,2.04757793335887,2.23202441522943,4.3874096094018
,85.5,1.9935376084548,2.54252331959907,1.8765809304532,1.46174814693103,5.36334858792395,1.04308751345178,214.963275041105,209.90683872583,200.332081605017,187.793733768706,187.204957107678,193.954856889757,2.7087190393317,2.25391299112943,1.79856019989268,2.70626690765539,2.04651489858725,3.49864445136399,218.257509002036,223.048481028701,212.509990310254,187.631478135213,190.21843227014,191.509692711062,2.32903358051203,2.59967656643028,2.01046810542937,2.19363975982242,1.65713813739001,1.2092998530515,228.009822996388,212.605085792486,203.851613150625,189.569307173321,198.475718373367,203.451216564375,3.20793594600127,2.01468849041549,3.59134399107978,2.19866025484714,2.28260497936895,1.3241716088246,214.514648521483,208.843193392642,212.136960305281,199.08267330231,201.633707107339,228.234694040449,3.92895132901344,3.35640560872969,2.10024553867748,2.20416550551988,1.90469913108416,2.88994686803551,205.397201931612,212.798652444767,195.007911687708,183.702865546611,201.048693045166,218.133035394482,1.53522206640775,2.30674531576824,5.50191168343434,2.77879247134462,2.86683257540699,3.00435775609543,207.423461218712,203.220621142649,193.205681046872,197.49957066525,200.421393015029,228.12132170435,2.1193480469334,1.43254607737856,2.57867946555092,2.83446712855459,2.61079128853891,1.62783460989732,1.74904306337891,2.14856319824389,3.69877382159456
,86,1.84615052760262,1.9129272048034,1.69678197550041,0.755399465284029,5.95010482317787,1.65961973596762,155.78032166646,152.023410358397,145.075556000781,134.525012851426,134.917572156694,142.35153606424,2.3302547391325,2.57123777146865,1.78385047752329,2.3520312579227,2.3350795114867,2.68565421447175,156.004449640863,160.040664456957,151.852626903305,132.733742795278,136.447241676131,138.406157894123,2.42695271747039,2.57760348273553,1.7955839259904,2.71449283164293,1.48647344537824,1.91909920554008,161.999340463282,152.305303821101,144.618397032795,134.139973472604,142.006153336444,148.370716030367,3.00896852155239,1.62839756560749,3.48180494912549,2.62207485275104,2.31526825659529,1.25984176154566,153.394429420149,148.467260447229,151.310420727812,143.049629010599,144.602998634704,169.638617470216,3.90423822129759,2.91915226719755,1.48373060963536,1.57837106093024,1.52112685479307,2.80705116870729,145.730988766154,150.840650946746,138.526547632198,130.250826956996,144.014024814397,162.554957303596,1.29594972370705,2.1595482105563,4.56468348660542,2.75118191589286,2.40691860914069,3.1484379297496,145.326261383794,142.979952426969,136.165536380877,139.16321172635,143.070667065704,168.034109146682,1.52028436497494,1.65819198029163,2.58649044997253,2.70133037705324,1.77731349952415,1.2728403586467,2.07621388444477,2.36706332707394,3.21589565949199
,86.5,2.39566920627919,1.93508165894411,2.11684194075616,0.620367208605558,6.21697893923402,1.84816796737147,97.7209768302938,95.3226845825,90.2591391904255,82.7776822090079,83.8167194441403,91.0808939702189,2.41966915799571,3.07794145548536,1.63528647485248,2.43210546033106,2.36531038687872,1.87596422642707,95.8575233960971,98.5962471627402,92.8697669284781,79.5938501615191,84.0554982241527,86.5077824700003,2.2390406921453,2.35022937600877,1.93155902480009,2.54496897289994,1.66403083960108,2.19793309908044,99.1442464252437,94.0369751447834,87.2726258047543,80.6258489859802,87.464063157705,93.8653278026503,3.00395003760087,1.74318589761771,3.40131476469401,3.35657759615094,2.54114016088789,1.64748833264645,93.7338630073104,90.1149536163121,92.8144106266339,87.4869260942397,89.4229142114523,110.755857874151,3.67302386897882,2.3599683000499,1.06309875133684,1.62912280819245,1.45826263770675,2.62771516795664,87.4485829188371,90.7244909129756,83.2118691083541,78.6268119592028,89.1700800083467,106.269069602061,1.60877654588887,1.99697670106571,3.78447593789986,2.50615180462717,2.04746616600625,3.26731251380028,86.0708611165134,85.0435196817343,80.8125477378179,82.3890234617171,87.0832197755676,108.20828252,1.8162343076865,1.68784540168451,1.97210836750941,2.77228043043806,1.6673512160649,0.793955711365811,1.90090778010222,2.87817728684263,3.31984273852828
,87,2.51142207673411,1.90711915600497,2.13748043249331,0.288241774112521,6.10338612608916,2.09759418116295,45.0051964344764,44.9154622447138,41.2463512265028,37.4093683693712,38.8080249999542,44.3671757247571,2.18711101863386,3.29632240693735,1.34711809589754,1.9059277133681,2.16114140622835,1.94471666434737,43.3495357471361,44.8088896894594,41.2380387260499,34.1646920382968,37.9704359205251,40.1429469398993,2.12676468762425,1.90001185365588,1.24891362117131,2.45760869654902,1.64738604586444,2.38987072233027,44.7497053490015,43.1193209553532,38.7698562957085,35.0159961439208,40.2263758295608,44.7346012833212,2.94522860690523,2.06416123038554,3.69456067367645,3.38611037603624,2.57458686051149,1.79456421909879,41.8778543383224,39.9415771719662,42.0784457309301,38.9253071978846,41.0088162655358,56.6678064005003,3.27591328930151,2.40107779796114,1.19426969562966,1.91919686186191,1.67244081669702,2.96417046555018,38.0288735395596,39.9737718215432,36.374450744474,34.5136267881637,41.5975170979076,54.5168600817826,1.62071579367523,1.66289424440879,3.26291811407424,2.43300148093732,1.78758674257813,2.77686458778248,36.6673575649605,36.387157525668,34.7979011749933,34.917540050008,39.1953365663429,54.4091827147006,1.90731121943611,2.36044383911474,1.33266008869469,3.24322204190241,1.29927090682469,0.288483332436783,1.86237665201821,2.71103786152202,3.38703970710998
,87.5,2.2010409425526,1.66073162631602,1.99762742610454,0.221829608913993,6.18158106819061,2.77470944019746,13.0409309173814,13.6676689654665,12.3201867847612,11.3638246080072,12.0708679166784,14.5467698311914,2.2655774451415,3.35101644129554,1.87777062680664,1.33967484056006,2.08707785993602,2.28585606960013,12.871921123379,13.0908704801298,12.326743879591,9.32679242721997,10.8577551716894,12.4108855107557,2.44439772294004,1.82235811748086,0.843634879119122,2.31021936752796,1.31254356768295,2.83985514941696,13.2548564709728,13.2692630395603,11.3699462176627,10.0633642716257,12.1719745805158,13.6164116253969,2.57253061040547,2.18228604777323,3.61315625791116,3.15994297535366,2.46367237813337,1.93408317715654,12.4261115384298,11.5910767363724,12.605131176916,12.1112646458386,11.5837992782174,19.078112274659,3.26611440948579,2.40774155465812,1.44338548999269,1.57640471910366,1.85351269210116,2.87061166674448,10.8384660013438,12.2435690847374,11.1931517045562,10.5423405166754,13.0100903229024,18.9482428702968,1.34516188801035,1.636188128686,3.45360699870395,2.30242886719026,1.64017694870114,2.71119437322449,10.1957089546013,10.5644840233517,10.6191126662548,9.84020890868192,11.5940651903308,18.5228153612841,1.61156777637609,2.95335999495512,1.31668515050006,3.09361223578964,0.501108661420233,-0.290932997567268,2.44169881338632,2.57080781359628,2.99066391112245
,88,2.16593597890221,1.66606781850123,1.97382076725023,0.819346386912741,5.74132767088946,2.991089122944,3.78651795139177,4.00763632393512,3.6516134864608,4.59593200692461,4.65540188135338,4.67396031001766,2.70792411994273,3.27997258562209,2.17140655768782,1.85278101689812,2.02607873501495,2.43287941618883,4.73952330465755,4.34362582674049,5.01898672149855,3.61424151984266,3.02755275013766,4.59710009311635,2.35310383045862,1.96163319645308,1.30016429891646,1.59624510493973,1.24671502554503,2.56820317281955,5.35662105610868,4.99124068896953,4.12767637566185,4.09703009104902,4.04172440121698,3.54389998371909,2.41404007607048,2.28905419608026,3.16065702127798,2.90991082900786,2.19284768101556,2.21943664963402,4.7240194693689,4.57778395910452,4.57550647435664,4.7845077479617,3.22311715857273,5.12015815514155,3.06191276714389,1.79026016679381,1.27980743013779,1.46248268697047,1.77620320589568,2.07952287525677,3.36968259848868,5.34638907258744,4.65497161533767,4.56266384735659,4.85791789979726,5.91895557098934,1.66811485391918,1.60560410945089,3.86442703331591,1.80917556656357,1.66669101680992,2.83971032448443,3.51264706503235,4.40584431460792,3.89855974827475,3.57446779062127,3.70830955354035,5.49526909878034,1.48834016050813,2.8364532713519,1.38928922767974,2.61713880680372,0.752726467478283,-0.519954812169487,2.47911474353032,2.69426722253746,2.88050113809015
,88.5,1.89129630066083,1.43842466629877,1.92263102182835,1.26908881221556,4.80979215361231,2.63345931138002,2.03401432079119,2.6026761018752,1.64043880905672,3.71861673253284,3.01222676437476,2.91223019449092,2.93791485838176,2.98594872654098,1.94702042622959,2.16949097648018,1.89082701276516,2.86350426515236,3.70679213000858,3.17680463992065,3.68587099989668,2.52878540931033,1.54026369700398,3.01136813556303,1.91329918898629,1.77636661613298,1.41668759853189,1.15547423808135,1.18906726645082,1.98737004683466,4.32293438089459,3.5199460332579,3.34779072941785,2.77641310800374,2.55903533451163,1.67028399980961,2.61568136981367,2.31848105420016,2.90686354774067,2.11664285794251,1.79335252329065,2.41588119808085,3.09615240901223,3.76945286948239,3.43441108146544,2.69397534315743,2.43960920762038,3.17899476251546,2.9431724508301,1.31001001602539,1.11584772404132,1.51655103718969,1.64855815561151,1.90162483862969,2.02839943276865,4.28324628386878,3.14481880352344,3.18900393254427,4.35083378291722,3.684327069868,1.61676263916667,1.67186415760017,4.27599978082378,1.65454123313151,2.00477438226983,2.31846765447773,2.06952524031158,3.48720164259396,2.13590701727975,2.64115891561653,3.01075364495028,3.44939017480692,1.59956995704977,2.33723341935195,1.38059251337893,2.69504970291871,1.29683328795687,-0.27703365394774,1.85252487635108,2.43274847975533,3.26849131828226
,89,1.20330365400423,0.933318938287357,1.7762048156651,1.49432589312573,4.4055312542435,2.69865579035769,1.85239926697665,2.29847132324545,1.2704754034549,2.89941355996547,2.21800836203585,2.25318666647826,2.63533495137074,2.45197909040866,1.91760867056257,1.74814980768315,1.81003923364716,3.1970121108231,3.22218675396897,2.67426344270581,3.22511220077166,1.79878497425352,1.35241628299707,2.04516429056491,1.80613621496565,1.72899329733502,1.27490425691616,1.21848444236207,0.581668161923062,1.63363473537652,3.25882653800005,2.55125263215854,3.27874151764337,2.11929005673187,1.34270483939247,0.913507078558268,2.59704927974531,2.06174344383624,2.71805059142025,1.06567156012937,1.85488557080299,2.25559177539617,2.05043337201647,2.90237914687498,2.62612442833603,2.0707750501125,2.15386224408098,2.71170821125401,3.28183831310395,1.82968301607309,0.944218163736764,0.838018845734098,1.51348396713365,2.35106299274298,1.83540084133193,3.74145923336482,2.55757821914324,2.31258774234055,4.29844880350208,3.06683108724167,0.956100538201781,1.8964273097298,4.83303230239005,1.5082039139715,2.2524035233472,1.82998691673288,0.960998553908041,2.78920004373578,1.66076953221665,2.6159212728146,2.94681980228501,2.46886353195697,1.4418009821664,2.00093571812471,1.37378326630193,2.35864396898512,1.76195862263262,-0.3103256126671,1.83996026543286,2.13639169306043,3.3544081380328
,89.5,0.885662792807182,0.709166752995088,1.62243357126886,1.82062611661115,4.67624298630562,2.5551545699393,2.28609999231605,1.86074234447449,1.56080421832104,2.45658522472223,1.94579198553856,2.4557127821862,2.23014652582378,2.22230919783004,1.90889095709019,1.85009701298736,2.07221884118081,2.67705635922925,2.85567112560562,2.12422196110953,3.41784214086056,1.90208637654075,1.78080847883825,1.96456114406311,1.7157375496239,1.76377798303196,1.62443773753324,1.28405492381881,0.426067452593145,1.05951500497957,2.46003490547861,1.97156260873135,2.67958109052944,2.41693086481564,0.882744245230867,0.923891574526635,2.56625911429666,1.53619132019946,2.2915172822033,0.482140866636314,1.8069060359162,2.15993038500858,1.73363867479668,2.78103750743446,2.34742296553088,2.2230791754634,2.17236711454939,1.86507815942349,3.12407253794908,1.91442094386076,0.915675221615288,0.287226833905777,1.21726356145666,1.90509609165014,1.98212731773475,3.25034827014906,2.30012006523896,2.25587082725309,4.31977757581524,3.07749013942708,1.07270104955319,1.99480918476212,4.98945034837095,1.16485136726249,2.34800331710704,1.79355499429789,0.847543559390772,2.77031255382741,1.33881708038217,2.37573055516555,2.8006224127322,1.75884753952573,1.30578334643894,1.48796975213264,1.55482646234253,1.94700765266299,2.58763944035587,-0.0656404408331355,1.88690036575332,2.4493977708658,3.08385988798227
,90,0.705369110345885,0.775787077582208,1.45391066572404,1.77537618655924,4.64839958347039,1.89488876375611,2.24624938630365,1.66193800771725,1.50215322831684,2.20821070146695,1.11292170709635,2.14395001785346,1.90503173283264,2.13936002265365,1.96748071365056,1.85065701220566,2.1480930736268,1.96079300167196,2.440301310807,1.84590764174527,3.58815867196239,2.05001888314274,1.81783816267819,1.21122605284023,1.23652333003366,1.34221599394454,1.63961629901013,1.29162660366262,0.814214591416203,0.679306363541116,2.17873693702711,1.68578430883218,1.71154906420463,2.46774068958894,1.12158141291133,1.23237867442646,3.10588695321894,1.21176094366405,2.19045482178632,-0.0109668571864745,1.5940713606829,2.12552206924363,1.53889260680137,2.72912938879574,2.17493940824897,2.03040848331494,2.39559855158757,1.05805461156217,3.2244807379746,1.38090955316414,0.908621747416532,0.353572031849922,0.842621393007562,1.3103748842147,1.96126498962303,2.76962313941402,1.9404193604621,2.23972550802927,4.70777121860874,2.99956441431834,1.3130791232303,1.92836760042047,4.58463621101834,1.19118940207443,2.21573811124733,1.4149759808588,1.77658846188126,2.97798542249961,1.61456673351978,2.0792822134091,2.66861939672947,1.40713000142443,1.30335179467357,0.926960086297015,1.35231031694167,1.68178952356021,3.04202782391496,0.836944123611943,1.40441077687194,2.10933700962624,3.00164520428569
,90.5,0.630878386423149,0.843359673769328,1.544209547403,1.42101199136715,4.77957705839736,1.38988087820388,2.36959565968164,2.01420842120353,1.80263205812832,1.6370583157443,0.553756617320914,1.38742579604525,1.63608660515467,1.9329742304904,2.23999243670676,1.14011578033842,2.11427428350021,1.57874265630534,1.85016243860747,1.99843471388544,3.543819075562,1.94705247420484,2.02644017275236,0.0061633254056801,1.23178119910301,0.940687942128477,1.41543652874469,1.7161723780016,0.90012125880412,0.702625797893916,1.9899735110904,1.26240171292193,1.33830371848217,2.15556906878692,0.788713397882759,1.6111200161032,3.10768219845414,0.888543645238826,1.99516400387785,-0.576792589756337,1.71841249822523,1.76352894511217,0.788949021668145,2.18567812962016,1.98406937516529,1.92980711989173,2.30346959976447,0.324178913936009,3.35970446866759,1.55424778822305,1.10372045532995,0.555832641130394,0.712088771566982,1.83172690145392,2.09028234054705,2.52063146794416,1.82469053363531,2.04643044916548,5.05665024839209,2.53955577182643,1.00034574343778,1.77948305746594,4.47272424732978,1.00953661170917,2.02207612872695,0.710202251826843,2.22832651321505,2.81352915378886,2.61905218141601,2.20135935236243,2.22522683295085,0.977825603063138,1.65549064512118,0.781340315001955,0.943847178020008,1.2838504290529,2.7410494717642,1.09739066094755,1.36701376247322,1.54218909249505,3.1424424666763
,91,0.871543067011373,1.2152876058102,1.36774868849682,1.39749695600312,5.69185657064025,1.17303394308277,2.50902630532715,1.8557371850502,2.23510834516117,1.47318398828457,0.986752023636654,1.3486722699048,1.15024605380643,2.02413813193056,2.3352135818559,0.371403709986055,1.89484545887882,1.47274929252779,1.45086062957517,2.22661702179028,3.52537680429634,2.06087045048127,2.60820939520227,0.369998028113855,1.60546646243563,0.792865224594323,1.52300153313712,1.83459077077021,0.749806221414985,0.992308765986934,1.76424427584982,0.952500997873642,1.26591607193939,2.2738784888096,0.42956600415539,2.00894116898462,2.69734670881769,0.819692568695984,2.18898174749143,-0.523722995698677,1.90140998280521,1.23432964690238,0.542929659983201,2.11506340785502,1.77394437022741,1.87478035029727,2.36642757029239,-0.164810964114622,2.96976811774204,1.66273092046714,1.67234087622876,1.00435850076258,0.764117472493695,2.27175525728217,1.84232608596517,2.07275791226652,2.19310080713251,2.3169059554105,4.91353721260049,2.00899836679685,1.1910771254141,1.46195916097855,4.29138696107577,0.577187679499161,1.796690456102,0.511501810595519,2.20215033288338,2.54147573418459,2.77034878957841,2.07592676928726,1.48194226664208,0.852118430070163,2.01055565964379,1.04335087090186,1.20977717312041,1.2096971109072,2.5844592339102,0.734170986039715,1.85848554211395,1.64927620656391,2.97934985014854
,91.5,0.990475053705609,1.66562064951268,1.03783481361279,1.19239700150143,5.98530002342017,1.13506745820376,2.14312158832496,1.00564088488028,2.33918576579151,1.64223675153477,1.28691914049728,1.49731428403283,1.10478738347257,2.33069295558062,2.18025042884028,0.208784765230632,1.62336123021265,1.77209303381028,1.14498097516781,2.35990468176857,3.24708764647085,2.08745891789965,2.33802874847663,1.21381906696013,1.57654753580039,0.352309311769943,1.44217516842753,1.56666434411829,0.946746078557112,1.10759926296709,1.70589327220142,0.94497093997785,1.14305982154838,1.98961266977199,0.737255407660825,2.16964506987034,2.42325128501903,0.827424992806186,2.46715356176122,0.0785136841795406,1.60060324163879,0.932920885915337,0.747578058857357,1.99004667081476,1.6781293649608,1.57214538373711,2.55216713056944,-0.385122153443945,2.35246912425828,0.685417373523819,2.05795807960044,1.49901531098237,0.911437877958008,1.67957310613434,1.29479672978732,1.11659970301133,2.33324270589617,2.75187795568189,4.43843431939064,1.43628368534189,1.59786937802608,0.874835068772938,3.47876711732897,0.544365871179082,1.40318361954382,0.782462321447383,2.00058460307173,2.60044299356264,2.4800863888936,1.4147762352689,1.21897631091554,1.22414168439457,1.93584262966834,0.881478797501075,1.92885463347153,1.23494898609994,2.05921370449755,0.829846466151253,1.71599091304529,1.53688879047627,2.9871801975641
,92,1.0026548455586,2.05589013222885,1.41643109930533,1.04152911597021,5.32386606223361,0.991661636952188,1.86877317099044,0.861160976410474,2.21259453289201,1.7295044081323,1.4441698724811,1.38941663015413,1.72683015589206,2.18551872472273,1.82964103216921,0.206336055889551,1.72428744176358,2.15291250038081,0.900840621750888,2.34474780739288,2.88350831254843,1.64270333950037,1.7381351293335,1.15207123079847,1.58569297322333,-0.146265184285937,1.28645495420955,1.19038813123143,1.21446142753996,1.52582078706251,2.06288792730112,0.796743711212287,1.53800285860052,1.02367747863264,0.703690342339598,2.17904248599308,2.09092002059316,0.938599654714722,2.4721368056085,0.772932616169157,1.45589262309028,0.764462390728227,0.673776489247189,1.08228116473208,1.47003263360421,1.30983059433157,2.47770574613406,0.251269118904361,2.35770481598234,0.0303857710419493,2.04379676939499,1.65678268721462,1.07285749225275,1.71800602644794,0.866926531553304,0.739484112511207,2.36220828113966,2.31804904654541,3.92355966674785,1.31271229344759,1.17311126401012,0.696760394344494,2.8674157268058,0.848444031627025,1.1693854316689,0.767712411818422,1.31797072166194,2.4001572721246,2.43452221011478,0.903749028664095,1.35797366912806,1.1245256562832,1.73910387874787,0.657790909885932,2.19871884122824,1.14462452556319,1.27748471440009,0.780967348013235,1.54320756276911,1.2310473184894,2.95786370435866
,92.5,1.32369493830544,2.0410739950251,1.85831142489752,1.19990188076235,5.3994061890993,1.10636585192862,1.74601347305571,1.05268780682314,1.98766002343211,2.13937650216548,1.99176776894365,1.66390414770223,1.84356096285211,2.03882628773061,1.28808542588024,0.284405013822379,1.56580488315961,2.13953264714308,0.640362648779501,2.08546703276949,2.42284150407642,1.4509405616169,1.68786558635634,1.40094374083878,1.76542389151774,0.0536766859304976,1.48584991880801,0.973047550027502,1.04368072122713,1.76847686734635,2.29851341317726,0.50424546334574,2.53081986816437,0.249545533143021,0.417857224107706,1.80809872774182,1.46952076804314,1.14085310860122,2.55678619910304,1.15910274866332,1.44421898810668,0.602668699388744,0.741255328330055,0.627897069341543,1.42843089897616,0.822860285610318,2.40973731312801,1.29402231618008,2.02946511665772,0.401182558836922,2.20353534987265,1.70806367559732,1.16150053968022,2.21534198826134,0.715478287115502,1.00567216198192,2.18204096209115,1.96427463286381,3.50532886062706,1.68301827514063,0.881367691556818,0.626671824259006,2.99131084690896,0.748036944635203,1.14800987968511,1.06642970969523,0.643490792897239,1.71660585530185,1.62425155270057,0.701600919209625,1.26561578309577,0.868616471063092,1.38526038401926,0.685601130225734,2.19445620313365,1.35364826857199,1.1992243802647,0.351539403931099,2.02117346029627,1.44096873163585,2.79275025909021
,93,1.50269898114561,1.92617774710652,1.99816244384556,1.35984874565975,5.22536949177345,1.38262149978158,1.5030870647318,0.856754717440253,1.83885621630691,2.49014616904287,2.32336149005943,2.4058267816223,1.84277168422375,1.93366047476002,0.781093257446287,0.951785812148955,1.58674054037209,1.78929064319527,0.668538141756699,1.4436878632647,2.32928454957312,0.670498813557401,1.24670411257136,2.19072362666941,1.46175483408507,0.121139746872529,1.58724400477234,1.06137182967302,1.26650290767452,1.62012179600873,2.05813526887164,0.272082954133737,3.05163183187449,-0.48733225780461,1.32836847021446,1.09218284241012,1.16671267212155,1.2108111704552,2.58489502319929,1.83246944029349,1.31212732738476,0.639188260477795,1.01517105812934,0.258004012288666,1.37788237816272,0.298691578979856,2.34018193381752,1.93081369942615,1.41953302504174,0.323896870572867,1.99476962923637,1.40256976840061,1.29121163402021,1.64297764148256,1.05271261111977,0.706087070867397,1.33986550171727,1.60436389827441,2.77178913582947,2.15709572943825,0.794898356582053,0.178650395640148,2.89542908640721,1.0073201539563,1.12079000502229,1.92080445457515,-0.157174963801822,0.977450562693093,0.729502438050815,0.128211132839226,1.94276638264995,1.42820776922673,0.728524755876208,0.261034656813649,2.44756227046656,1.76652390125156,1.28716725104448,0.283074645202589,2.06793405672585,1.4992986525582,2.72662369488074
,93.5,1.78872394009119,1.77126802994104,2.34724738870807,0.684338052720932,4.35527812619046,1.50041466240913,0.659855037560703,1.27386933777677,0.748511427343033,1.61025670407668,2.24148769915661,1.94312490122655,1.98633775869882,1.15609957164298,1.25540386902156,1.22344507584739,1.10759478104734,1.43520850024584,-0.497935007077331,0.524279081641339,1.95061519232837,-0.365156269116142,0.480660863139519,1.95903176814244,0.911181220593619,-0.068006685029502,1.47199130423485,1.53077724047813,1.2218168278639,1.46287281273931,1.76475846243363,0.361060810761899,2.83534920682354,-0.867960127588901,1.89635729645613,0.44778311163742,0.894400199711413,1.5802145964247,2.08507134703785,1.76774668405693,0.798230771990404,1.83071515169269,1.1141339602666,-0.117577759930725,0.612326954697437,0.472603632795142,1.81364850594315,2.07984169522001,1.51472140464392,0.419604099805269,1.66130785451236,0.713871396032005,0.830912771033638,0.453822126238038,1.30620134972048,0.971232449577883,0.265754708836994,1.84617388023975,2.58746572381074,2.00913140654444,0.935700354673202,0.133440620523004,2.98672636028272,1.13444028228156,1.41433307681729,2.03813634849081,-0.197360957997489,0.957657211663218,1.04852771061161,-0.101330200865334,1.83393338519096,1.21666083158357,-0.0518536160051326,0.127483125052493,1.58878011802705,1.39815163765752,1.84832788239169,0.596718222888455,1.55115558991372,1.27926361013402,2.53169666215319
,94,2.21472314772592,1.62255084594318,2.64320945952096,0.501182647297355,4.34561582352461,1.47291934692225,0.318009502255336,1.94143713423546,0.191682626864008,1.51994998453915,2.22189298546738,1.77263627740996,1.99716479927758,0.651606501309061,1.45805801158679,1.529032757967,0.782854006786408,0.991870567764352,-1.15055082789968,0.0859565525310018,1.72687422699892,-0.762825250261244,0.32386386969057,1.59979886698824,0.692696170333761,0.168475206076607,1.57016054336719,1.87252088493295,1.14812877397435,1.38019251948299,1.76516222376404,0.16396218330641,2.93882332271875,-1.217673803065,1.92095068518381,-0.0788170063714801,0.536395096462002,1.69553015805184,1.68531229342744,1.60897098616653,0.542293939428021,2.27399089704932,1.01925445753227,-0.147371790280772,0.381916077345977,0.394949477292471,1.45506504567942,2.39922276622741,1.41812219039434,0.98062591186698,1.62192117639154,0.438060687118252,0.57117288755876,0.358719320685907,1.67868570866528,1.69101605805622,-0.433446319536586,1.82769609203291,2.57179277934097,2.41970091283076,0.965864421636525,0.205392369997242,3.59188628073008,1.16893207169556,1.6275996360207,2.04016505819203,-0.0285597073142299,0.565491849725561,0.922756384937031,0.0635366808745061,1.50183428459752,1.00664088081464,-0.411841577211703,0.108495654114733,0.826600688789654,1.43227773628416,2.38434960978663,0.701109638132891,1.75127534616337,1.24273354296793,2.34668320949504
,94.5,3.30762438021594,1.36244410467572,2.76264615198653,-0.936797765412393,4.88427159290148,1.72701235322552,-1.4331130492892,2.83658340500961,-1.75933201922214,-0.0601608648596539,2.12316389231165,0.367184981649928,1.55335112458499,-0.330629234576236,3.47285672542569,0.757907798534802,-1.2082404555693,1.05168748880868,-3.78502552487225,-0.674261949967445,0.957923807758561,-1.50336429146171,0.273633944002825,1.2610939013411,0.323850041106994,0.204827444638056,1.67235092009042,2.85972416947124,0.15347101026191,1.37832207770134,1.37605164096067,0.791202005901994,2.24686967810345,-0.720174798883988,1.62074500560163,-0.51038235059508,0.182659584714656,2.84173665387641,1.34758136553711,0.444982793445718,-0.418730555558739,4.94069546749324,1.20692203845988,0.615012920831418,-0.987647351362284,0.988655865715941,0.716621597603023,1.98837365094454,1.78801276628315,1.78030078543605,1.98820044868592,-0.110016779657542,-0.557189770990817,-1.16938428282123,1.69932701537698,2.70088329677833,-1.55287747497522,4.12448238677547,3.50051904014458,1.20590259616949,2.38019484081224,0.479309299217164,4.76540839471528,0.650107176064978,2.58512769961703,1.5234705270463,1.38342585430667,1.49267171666571,1.82293751453909,0.685007903876624,-0.229954131546378,0.375058245245214,-0.723307572468798,0.544496559026641,-0.93851841936214,0.751215206878555,4.36991203691338,1.17410293118468,1.26521784151879,1.37133670373987,2.41047076717177
,95,1.92205516847235,0.495491026156117,1.13902102113872,-1.27888096288325,2.29685658167426,0.861131176594654,-1.59391355892694,1.55133125525435,-1.74185060222533,-1.04588990431535,0.811386221868645,-0.699931220133465,0.509240998070823,-0.68044404439047,2.64230186735142,-0.220093276457987,-1.59961696438432,0.710544574736275,-3.10232738374634,-0.606042411535896,-0.0999759621890917,-0.994868460899283,0.0705756095201764,0.310593171458038,-0.0713776715612084,-0.0470505128621994,0.711480492568001,1.670959073039,-0.491809340759119,0.547883601401736,0.429639708169361,0.758426819516842,0.458286864279728,-0.0128378841961307,0.441683661685488,-0.297698975913988,-0.126107072737341,1.86005644164868,0.3201670672982,-0.438839179587546,-0.730237713666099,3.58885924420838,0.563237735132816,0.657738089925829,-1.20557835078989,0.883496784060412,-0.112391433781397,0.473423063292046,0.971626963863173,0.996711289118764,0.989472943572423,-0.361178343128302,-0.863805806214941,-1.39239744084347,0.610067651122677,1.48190812284315,-1.17235826324821,3.20059746384499,1.96171873800154,-0.347827701465917,1.83928479888573,0.364031581795587,2.52467355253049,0.0619906862244193,1.58067491534734,0.22300168606165,1.37427388367826,1.3543365907729,1.44297084424153,0.595895082955224,-1.14234040836288,-0.209058123655382,-0.318889364492748,0.402636367720163,-1.26416052452862,-0.176135789139494,2.82318126208344,0.741766668089838,0.102814276014726,0.652121541800625,1.12826105979866
