,Temperature,A1,A2,A3,A4,A5,A6,A7,A8,A9,A10,A11,A12,B1,B2,B3,B4,B5,B6,B7,B8,B9,B10,B11,B12,C1,C2,C3,C4,C5,C6,C7,C8,C9,C10,C11,C12,D1,D2,D3,D4,D5,D6,D7,D8,D9,D10,D11,D12,E1,E2,E3,E4,E5,E6,E7,E8,E9,E10,E11,E12,F1,F2,F3,F4,F5,F6,F7,F8,F9,F10,F11,F12,H1,H2,H3,H4,H5,H6,H7,H8,H9
,72,27.9843165952681,30.754885654964,34.2786480172191,31.4853359438548,34.8824588264786,34.9821054514472,31.7291760679253,31.4591192171027,31.7373952489786,30.5714199250688,31.2345328493,26.1515005136432,28.8100993562452,24.2955513042614,32.618355207573,33.406043875769,34.3874162031417,38.3035460202819,38.7478635782927,35.2794982637403,32.7699049831026,34.6277428110711,31.9254280674173,28.4073708613989,26.551995677926,30.0053478418602,38.4086706756458,35.4331021103335,34.7160309559265,34.777360206525,35.3468044689874,21.3414679251099,33.0060228206004,28.8052694863435,34.3176403727233,32.3206564400001,29.3198050475646,25.4896930849212,37.1955013842835,31.9601172101253,35.8089010693056,37.7534170863534,35.3444529742579,34.2091823674413,32.5347914533719,31.7409570425351,37.5955350307516,30.4617726753434,24.1136648715116,19.7208314973965,36.2718961076337,34.4428184216609,35.7885119277302,35.2434437689752,34.5732319730986,33.4203166569716,31.6859904013562,34.590456142712,35.8840149136634,35.2195825026229,32.2060150484226,35.1595773721398,35.5861989983267,37.5210138722208,35.4994580265736,34.7509936981041,37.8853599546683,34.0182405059793,31.0497778250214,35.107448275519,34.2083024720162,32.9025508466676,29.0848250635084,32.0929854431795,32.3257392588165,32.937550648543,32.7498703946893,33.1950716003144,1.69555546847664,2.0071863627449,4.81453995700116
,72.5,60.6326859564144,66.6355855857561,74.2704040373079,68.2182278783513,75.5786607907044,75.7945618114684,68.7465481471733,68.1614249703907,68.7643563727872,66.2380765043167,67.6748211734822,56.6615844462258,62.4218819385326,52.6403611592343,70.6731029497422,72.3797617308334,74.5060684401426,82.9910163772761,83.9537044196348,76.4389129047693,71.0014607967215,75.0267760906535,69.1717608127387,61.5493035330331,57.5293239688394,65.0115869906975,83.2187864639004,76.7717212390572,75.2180670711736,75.3509471141372,76.5847430161376,46.2398471710716,71.5130494446347,62.4114172204096,74.3548874742345,70.0280889533356,63.5262442697215,55.2276683506625,80.5902529992801,69.2469206219384,77.5859523168303,81.7990703537641,76.5796481108947,74.1198951294574,70.4920481489718,68.7720735921582,81.4569925666289,66.000507463243,52.2462738882766,42.72846824436,78.5891082332071,74.6261065802664,77.5417758434156,76.3607948327805,74.9086692750484,72.4106860901043,68.6529792029403,74.9459883092103,77.7486989796037,76.3090954223509,69.7796992715839,76.179084306304,77.1034311630414,81.295530056478,76.9154923909097,75.2938196792256,82.0849465684486,73.7061877629541,67.2745186208803,76.0661379302908,74.1179886893689,71.2888601677789,63.0171209709329,69.5348017935553,70.0391017274359,71.3646930718425,70.9580525218263,71.9226551340155,3.67370351503246,4.34890378594736,10.4315032401694
,73,55.9686331905374,61.5097713099296,68.557296034438,62.970671887707,69.7649176529579,69.9642109028939,63.4583521358533,62.9182384342079,63.4747904979573,61.1428398501395,62.469065698598,52.3030010272845,57.6201987124934,48.591102608524,65.2367104151466,66.8120877515393,68.7748324062865,76.6070920405616,77.495727156585,70.5589965274783,65.5398099662025,69.2554856221407,63.8508561348376,56.8147417228017,53.1039913558518,60.0106956837217,76.8173413512945,70.866204220669,69.4320619118516,69.5547204130489,70.6936089379712,42.6829358502199,66.012045641203,57.6105389726849,68.6352807454482,64.6413128800039,58.6396100951257,50.9793861698431,74.3910027685644,63.9202344202508,71.6178021386135,75.5068341727043,70.68890594852,68.4183647348847,65.0695829067421,63.4819140850682,75.1910700615044,60.9235453506858,48.2273297430249,39.4416629947939,72.543792215269,68.8856368433228,71.5770238554614,70.4868875379531,69.1464639461993,66.8406333139413,63.371980802715,69.1809122854249,71.7680298273265,70.4391650052478,64.4120300968485,70.3191547442824,71.1723979966536,75.0420277444412,70.9989160531474,69.5019873962083,75.7707199093361,68.0364810119567,62.0995556500433,70.2148965510368,68.4166049440336,65.8051016933325,58.1696501270139,64.1859708863578,64.6514785176331,65.8751012970835,65.4997407893761,66.3901432006297,3.39111093695306,4.01437272548986,9.62907991400209
,73.5,55.9686331905473,61.5097713099212,68.5572960344317,62.9706718877057,69.7649176529718,69.9642109028853,63.4583521358508,62.9182384342082,63.4747904979499,61.1428398501423,62.4690656986065,52.3030010272879,57.6201987124778,48.5911026085145,65.2367104151386,66.8120877515449,68.7748324062757,76.607092040564,77.495727156602,70.5589965274836,65.5398099662029,69.2554856221396,63.8508561348232,56.8147417227997,53.1039913558502,60.0106956837069,76.8173413512826,70.8662042206798,69.4320619118614,69.5547204130492,70.6936089379608,42.6829358502179,66.0120456412017,57.6105389726703,68.6352807454361,64.6413128800056,58.6396100951225,50.979386169846,74.3910027685655,63.9202344202437,71.6178021386115,75.506834172705,70.6889059485287,68.4183647348793,65.0695829067394,63.4819140850811,75.1910700615178,60.9235453506981,48.2273297430221,39.4416629947933,72.5437922152602,68.885636843316,71.5770238554665,70.4868875379498,69.1464639461959,66.8406333139587,63.3719808027025,69.1809122854281,71.7680298273099,70.4391650052497,64.4120300968609,70.3191547442901,71.1723979966538,75.0420277444326,70.9989160531566,69.5019873962011,75.7707199093543,68.0364810119621,62.0995556500305,70.2148965510374,68.4166049440297,65.8051016933312,58.1696501270205,64.1859708863532,64.651478517638,65.8751012970918,65.4997407893813,66.3901432006293,3.39111093696022,4.01437272548401,9.62907991400368
,74,55.968633190462,61.5097713099781,68.5572960344786,62.9706718877258,69.7649176528524,69.9642109029544,63.4583521358552,62.9182384341921,63.4747904980122,61.142839850102,62.4690656985476,52.3030010272699,57.620198712595,48.5911026085878,65.2367104152064,66.8120877515007,68.7748324063559,76.6070920405471,77.4957271564781,70.5589965274628,65.5398099662093,69.2554856221582,63.8508561349287,56.8147417228017,53.10399135586,60.0106956838116,76.817341351368,70.8662042205872,69.432061911781,69.5547204130443,70.6936089380652,42.6829358502342,66.0120456412097,57.6105389727929,68.6352807455213,64.6413128799785,58.6396100951583,50.9793861698201,74.3910027685655,63.9202344203032,71.6178021386207,75.5068341727069,70.6889059484546,68.4183647349211,65.0695829067788,63.4819140849828,75.1910700614118,60.9235453506082,48.2273297430394,39.4416629947931,72.5437922153207,68.8856368433653,71.5770238554285,70.4868875379669,69.1464639462201,66.8406333138278,63.3719808027879,69.1809122853975,71.7680298274425,70.439165005228,64.4120300967513,70.3191547442191,71.1723979966487,75.0420277444977,70.998916053082,69.5019873962583,75.7707199092213,68.0364810119278,62.0995556501365,70.2148965510276,68.4166049440595,65.8051016933513,58.169650126982,64.1859708863956,64.651478517598,65.8751012970337,65.4997407893495,66.3901432006245,3.39111093689928,4.01437272553244,9.62907991399351
,74.5,55.8491895680537,61.3385654136015,68.4969164604694,62.9697926170854,69.6245450727221,69.9110844116705,63.2949566179042,62.7001266084193,63.259203985703,61.0904560167603,62.5715924078389,52.2543197708624,57.4452838678301,48.5161940474088,65.119314182516,66.7673578173292,68.6858439285702,76.5575718638693,77.321634917657,70.3071139425834,65.3527977015954,69.23949200226,63.8920641638881,56.8027997389439,52.9462108890368,59.8293918936308,76.6230090218937,70.7234977661261,69.3982998914771,69.5279335485352,70.4493503470134,42.4032850830878,65.7027263861387,57.5563172656477,68.5918766844072,64.6754207714073,58.5052529135968,50.7624275818164,74.2178326793658,63.8366900371732,71.5008874677721,75.3709129291343,70.4177107877518,68.1132723824289,64.7355124001273,63.4331711207452,74.9860384242102,60.8077751949216,48.0474114184319,39.3052698137316,72.4872482449678,68.8044607896737,71.5515559611248,70.3841064904085,68.8561165193571,66.5725868375029,63.1124719685737,69.1332618107203,71.6986607863594,70.3946490301221,64.2788592647937,70.1538029961798,70.9611370111447,75.0764755373114,70.8671782801619,69.4359698875357,75.5663226849764,67.7854668538396,61.8338014153152,70.1442602379985,68.4039341407159,65.7302841648781,57.8121847446781,63.9425357468406,64.4489149437906,65.1629203638371,64.7939186348622,65.7731237284205,3.29046660611715,3.93592551159657,9.5485426542333
,75,56.5226588087625,62.3505732793424,68.8096160826033,62.9503822391973,70.5438379728124,70.3743243630981,63.888889097071,63.7052432999882,64.1797616062853,61.479091560045,61.9363334551675,52.6179971676208,58.4538792789177,48.891332177524,65.7161119293777,67.0796855920955,69.2891407941315,76.9765559796122,77.8405468750525,71.3663904025599,65.9993792986909,69.3957100879927,63.636248338211,56.9389726339057,53.9333988187218,60.9366533810976,77.7921228717133,71.7192388979065,69.6173934477115,69.742801518495,71.4567709358535,43.7026243197596,67.1110884649476,57.9260640730591,68.9158033103613,64.4159309060965,59.3315940002345,52.0635409855996,75.2138278766956,64.4101216073562,72.3324590813718,76.3452589635375,71.6160492053745,69.5471268170768,66.3585192517276,63.8064690121632,76.3186271914022,61.5371514866317,49.1593577162168,40.0469633019895,72.7721075688728,69.3852877964275,71.7973034689153,71.1276828484953,70.1414142017542,67.6611782418445,64.2085022711229,69.5370104359632,72.1644522122881,70.7848009269861,65.1907879327321,71.1373311784421,72.1303974125033,74.8948248570754,71.8159241270603,70.0131327436284,76.1949283367461,68.8584978037973,62.8706542371991,70.7015438481575,68.4916033403374,66.33908777549,59.8146063277322,65.1635286756699,65.413939489534,68.4080315932648,68.1144896914672,68.3942535860615,3.9007846019644,4.43689985965221,10.1677028786607
,75.5,58.1048141040353,64.462680346649,69.5160178798765,63.184155792481,72.1077765949211,70.2664791030701,67.1228026927535,67.0832511011522,68.0532696367972,61.8352144473965,60.84718970474,52.9078900010055,60.6836625861415,49.8942427459079,67.4978033236711,67.5127112838078,70.178047137249,76.9057664379482,81.8574174554377,75.982255536154,69.8466319853472,69.3540451671391,63.2172496414199,56.8254024365118,55.389524550436,62.7093061200191,79.8383026230464,72.8420956624354,70.0396440919201,69.9101612077245,75.988445711395,48.4831201504279,72.59802067479,58.4643734815307,69.2080818568882,64.4553484917402,60.634380178318,54.5530119529502,77.3861901860085,65.1491856453515,73.1335546187796,77.2330283633544,76.419387287496,74.4481474196813,71.6970779187383,64.0236720888137,78.5947130301607,62.9564153767832,51.0316744331267,41.9469929648936,73.2742853256324,69.989264212089,71.6023272469438,71.7747652127879,75.2461767448679,72.947135958874,69.1175021320533,69.5520110815693,72.9570382411127,70.6509419232431,65.8490365471055,72.9808473832852,75.0821210896756,74.4128234149764,72.6779696240286,69.7248645169748,81.0007357362364,73.3369991547676,68.4230459715129,70.8844683564662,68.7014751399928,66.3733180424441,64.731342619449,68.962139309494,68.7092413662048,82.2135623056625,81.0763079380065,81.2755894310974,5.2943163465373,5.3305784053519,10.3447191128336
,76,60.5211237112586,66.9526689508541,71.9172983592152,63.2114169923995,71.595520392495,68.6172107776578,79.6362665876865,79.6490799783021,80.749104691201,60.7615895723827,59.1010980934683,51.9638486288602,63.9412225353544,53.1877512124889,71.2776665052268,66.8363823934661,69.5148081535938,75.9062650062361,97.2136358929508,91.2743417619881,85.1673141952639,68.0376309665817,62.4517275862986,55.4401359366404,57.6788150420164,66.1519463921201,83.3207084777212,72.2284676031489,69.7852276150328,68.686363363506,91.3089391350117,62.2543475745159,87.601635167135,57.9666717515456,68.2807158839947,63.8568022784623,62.8231108801839,58.148172161688,80.6622448383665,64.7525160587713,72.6082215136404,76.4487771360685,91.0696022922023,90.1499143338046,86.6010890204334,63.2184208559607,78.4922270720759,63.1825460142762,53.482261309373,45.6476245145021,76.7266694203731,69.0878259573361,70.5333163307853,70.9755687612071,91.2453495720938,88.9638600988347,83.9231368128745,68.0159966384629,72.1071585076747,69.4308595486901,67.1829511934872,75.8593325104647,79.8305345060774,72.9990231953868,71.6642398064729,68.631304882685,97.8107293094093,88.4278955490641,84.5797807590969,69.6050447253753,67.9868109073401,65.114482393083,72.9799173186852,78.2047960649014,77.9440971067102,112.25757605286,110.128520436013,110.95259991567,5.65808731244084,5.54933518658311,9.88391231154787
,76.5,69.543496398965,76.1987669059197,83.5145353779659,61.7057579503449,69.6792490934004,66.608827162787,111.035083926857,111.268867264771,112.240033105382,58.9306721720798,56.7907086126328,51.0389966343469,75.3492544150946,65.3197890105722,85.4345779686898,64.9937020936183,67.445849737204,74.2358554014987,134.2495723932,127.212465895944,120.793696137648,66.4132905637019,61.1788876534195,53.1039251775012,69.253347019023,80.1539210634547,99.1785249102426,70.1441266471896,68.6085472129682,66.3413924909622,128.092884994633,91.471841023175,122.396643503257,56.5502821994704,66.4297925839849,62.0217445595931,73.3228857107079,69.7513085012803,93.9780267671318,63.4076031312733,70.8485108902212,74.6805024896464,126.643099987341,126.676306427086,121.625463088074,61.4969105399842,76.0777649037284,62.3928948413254,62.952486300985,56.8575075011042,91.1834325726371,67.4414219580847,69.1762976099835,69.4635754162764,128.520102191685,125.483719725759,117.386557457744,65.4663589524953,69.2362489928955,68.2140521858739,77.8363955446658,88.8788965933461,94.8801062358042,70.6736993190551,69.7389550313763,67.4019698929727,136.97527252442,124.476096052801,120.144863210869,68.0905440007076,66.6969564490399,63.4267000233964,93.9663559309615,103.152869586688,102.32934698944,163.237223811796,160.238221931658,161.103558286279,5.26706612067949,5.39673065518815,9.95726564354686
,77,95.4985233234515,102.38287943805,115.799226319664,59.1923096226591,67.6458812468334,64.7686024350795,161.930685375112,162.144456901313,162.865639259151,57.6322946024817,54.4019976783302,50.7338012658878,104.498170739167,94.2568674711781,120.387363238475,63.3130815096873,65.1926655603097,72.2789057889563,193.11248810468,183.632465698932,176.45172191166,65.0363201758621,59.6552338615131,51.1112968428229,98.6118645248811,113.911619567068,137.890849654278,67.8623397522965,67.2206028261763,63.9582538934924,185.843174754483,134.786414409454,177.210454612844,55.5661671544245,64.4742090200414,59.866718664037,101.629821549555,97.8627140487148,129.143977828631,62.0196646419528,68.2086333643362,72.180652593983,184.062833189901,184.198591157348,177.050590508107,59.3772186406915,73.0504098766655,61.7155735654425,87.1653204425323,82.3380975733596,125.989285460664,65.6881836344201,67.7034250393961,67.5676019473917,186.983658202157,181.899526484123,170.533247200863,63.6907545029903,66.6693560509245,66.5452278772341,107.340925536879,123.160071202,131.367903374927,67.992511317478,67.1287015329034,65.2392363787345,198.911627520793,180.819326496886,175.150486571293,65.8773203805343,65.4210697925815,62.2281495349328,131.228934504932,145.636697219128,142.926341201255,228.147959893494,223.206159549857,225.136304161336,5.22864088931385,5.13300297554343,9.05129314498214
,77.5,139.97958277898,146.104242685746,168.643723938144,57.5608674961381,65.8426427855555,62.6544442427402,222.194226877387,222.438927738414,222.380486964513,56.5183525507513,52.5684063970793,49.9909278600597,150.521163610226,138.567610510634,174.264371855752,62.0948297827017,63.218165248813,70.5062858079874,261.577492075854,249.791927114098,241.987251920342,62.8088970288354,58.6376745909209,49.0789203220373,144.594972628025,165.113520758514,195.573708921206,65.9549341169651,66.1353842852416,62.2296257524306,251.904546688394,184.026546311368,240.427443590738,54.3844838124274,62.5966503051402,57.9977072756153,147.703288374379,142.05257915678,185.122700235756,60.8117622233417,65.7885866380835,70.1259828359789,250.687665023863,251.009279367053,241.405362377695,57.6309275473133,70.6414056473196,60.5726641554585,125.736490527846,121.084331051533,181.681090139738,63.7269265084668,65.9958898689102,65.1653136199204,254.218853877523,246.799935831273,232.238514585148,62.7453196210977,65.1859397264511,64.774182707715,155.982600964897,177.251745919546,187.041172237597,66.2849330355964,64.6514386115541,63.3305915999565,269.692152359157,244.487751872834,237.927110106956,63.6802938625247,63.7224626421058,61.2689616234219,174.517515050476,193.735114468026,188.104447342607,291.450081846271,284.469451523261,288.674464473051,5.2127354462944,4.58339753326192,7.41887363760299
,78,192.696496806501,196.991298659959,229.369719301673,56.1824239374295,64.0962585441998,61.4719866099518,278.276642526009,278.635786246979,278.218832305782,55.6087344694176,51.2589030281342,49.4621276680855,202.549141036219,188.799927588213,234.945480205246,60.7619283542396,61.8717449593652,69.4490491731381,324.125824151397,310.467866537649,301.575234662754,60.6716852381595,57.5019161036054,47.5553881246826,197.399094463839,222.546655946002,259.608628025841,63.9967545491169,64.9729493925088,60.900101362023,310.873031554149,227.884438685362,297.570085090959,52.7614670745263,61.344662616028,56.2370362701386,201.959373667352,192.304131758497,248.727931467833,59.8030154546791,64.0091675269774,68.6161520157006,311.368030883901,311.409463684781,300.125698489019,56.5094568213278,68.4908126506009,59.288069475189,170.623290933529,164.58361741165,245.927646382075,62.3024433680201,64.5696253722977,63.3487276151405,314.897930194962,305.401252651642,286.913405557015,62.0016709601543,63.0455709279257,63.5315171239733,214.050828991339,239.857675559373,248.903272199851,65.2218767553563,62.6499810656271,62.2415558077861,331.695889262569,300.615635140844,293.257651789246,62.4159830646053,62.0052253455799,60.6128009998262,213.776102156433,237.024330902,227.785944266692,335.089761517355,328.082265337744,333.318377783339,4.04589419165001,4.05647629812108,6.981961796029
,78.5,243.477034072731,245.056358747398,286.051973469788,54.7645828032015,62.7237458040852,60.8390580143767,312.122264977952,312.709850929625,311.505801078034,54.700856948282,50.5799110714893,49.3754869720607,250.799626197321,234.47061237067,289.941017735241,59.8266174102613,60.7399120840735,68.5957969346557,360.07438529642,345.344077214553,335.410215273358,59.2850361252417,56.0799516296356,47.1536501573457,245.620294949535,275.044916107964,317.009416929523,62.4321942670799,63.6585511323294,59.573715144386,343.332594603776,251.421704137227,330.437407438621,51.9347964596781,60.0940058763064,54.9317260040506,252.753633156231,238.438705956285,306.99134043906,59.0086200536538,62.4641313206741,67.1464253832914,347.127229555253,346.211631627042,334.515807672709,55.4813079432676,66.4995193854998,58.3959687724359,213.042872387866,203.842931303955,303.111704633302,61.8330734802037,63.2884963563413,62.3993779053046,349.403304357998,338.192308776912,318.13837380209,61.2679205707665,60.8575040725501,62.6313064610902,269.518269680681,298.346417864398,304.797203380349,63.4600267189851,60.9973932628419,60.8373003407735,365.561471579377,331.442615804742,324.057263160825,61.079106157455,60.4302825194193,60.443488461624,241.000027248053,265.286878820356,252.269213882329,341.531829047359,334.558398638395,340.650623701027,2.79131849591965,3.52993451422822,6.82413154559623
,79,278.612067324035,275.985260705714,321.448675933167,54.4340141582749,61.6449597583452,59.8595458027032,306.016628730671,306.158796071944,304.023879433611,54.3430160937041,50.6783112844068,49.4058950367809,279.636519482395,260.500122654328,320.712947054983,59.2287321990843,59.359579058462,67.1228483233739,349.002491200434,335.278056408556,325.746424167745,57.9854905082892,54.697190295473,47.8330230260553,272.493491198326,304.470877996805,346.100385773169,61.5390158355028,62.6382330690882,58.6133229608013,330.256840966816,241.444625328555,320.000655073671,51.820125764172,58.4543763336906,54.5259088959153,284.352022289488,265.568764778128,340.537462759811,57.880789259188,60.8547417705487,65.8653896735888,337.253762506619,335.769415957095,325.153711297061,54.804619597276,65.280194556545,57.6057580066245,239.371252218689,225.872462155582,334.831590864106,61.2961911097025,61.906525508739,61.1701300019712,337.417814023424,326.60098614955,308.355617174104,60.3292645273611,59.6576080313969,61.3805848021158,304.641128136728,333.107672004777,335.31013797192,62.0947254868665,59.6941150702932,59.2970855029963,350.888662820996,317.856384104262,312.05840253181,59.6245600011932,59.1919741478013,59.3696033356587,238.781988912963,258.861507235182,243.222110853455,302.693234424137,295.011311247501,302.231171063647,2.52001589760249,3.13839594133771,6.15311768457491
,79.5,276.963010870725,270.508597721337,312.946868613737,54.5393741969773,60.1095512392484,59.4200810652034,258.795638724823,258.123242504503,256.386554368349,54.2623378986988,51.1040274817599,49.470091127252,270.134968778825,251.272796788004,307.405517230827,58.5387343768559,58.5079091616824,65.7129606750673,291.307390705707,280.59374540328,272.735652547469,56.8952854197216,53.1861038607782,49.0820086000514,261.086785722839,291.312147887515,326.845389531054,60.8275523788479,61.3994442546096,57.7539611619152,273.230033741909,199.971010227682,266.79897527604,51.1614127030145,57.4805024254816,54.218989845254,278.496340715649,256.209750024873,327.347641334544,57.0266695183918,59.7973856877826,64.9117667426859,281.353472590726,279.974641311404,272.243918250979,54.9668570269927,64.2712612932798,57.06334941145,233.932537118887,216.929727706012,321.999849491455,60.7910874523232,61.0302198255304,59.5066543207137,280.624753976942,270.878995118385,256.662458010893,59.4761864357886,58.372424968944,60.5102771818981,299.537901128329,323.42263033298,320.275863625355,61.6363121069502,58.8181629676862,58.3342845009674,289.081058289926,262.038338028416,258.293892869521,59.1861619408986,57.9709056274188,58.3930482726844,200.518843320422,214.191725522773,198.59377354992,231.640732313195,224.972416422742,231.621718778091,2.05209161358476,2.86795280670435,5.94660837946952
,80,235.582298246458,227.69323650845,261.243683331481,54.4060760186447,58.88157398457,59.4412685529118,189.547548479826,188.465385656598,187.442137938238,53.3048444437109,51.8934144520018,49.5536772304985,224.653664063179,208.611781105916,253.538441973042,57.9213076111874,58.1145295582218,65.1996255491297,210.78863466954,203.210357186826,197.49241496887,56.6909093335207,51.9938508962601,50.2060692118682,214.742534177516,239.577043258463,266.308511197973,59.8520369056574,60.4073806369628,56.6110549432411,195.718237674213,143.04763712174,193.017827278721,50.4894133431055,56.8540319166459,54.2150883011074,234.394282370757,211.9693695588,270.791026859912,56.3796753490135,59.2030696381476,63.9481268153502,203.349307686925,202.35984329461,197.339445960937,55.1650872856175,63.4569351039363,56.7114130230141,196.824408000003,179.325014080013,266.28739538818,60.3581191979131,61.0555251522992,59.0161162982611,202.756547914668,194.619891053488,185.153556588472,58.0212491106344,56.7864467233755,60.12305003403,253.637244054088,270.583182181934,264.249459624799,61.0036077657279,58.531948541728,57.0594948531461,206.416258026425,187.948404906306,185.764565652075,59.0939143680716,57.214621694071,57.7408986649416,145.698710572293,153.973884999169,141.058015086695,153.640802904652,148.587377586953,153.553911753989,1.30231712846586,2.85145032819952,5.6747336940432
,80.5,174.940209052991,166.991836296275,190.135456724333,54.2757018434564,57.8697167758727,58.7467822263287,119.221468379343,117.860837406555,116.908930467734,52.2978440139619,52.4413031903637,49.4945249537896,163.296489817959,150.788401503173,181.741908106632,57.1964797341452,57.2672313293896,65.095366464213,130.391309367473,125.563604359965,122.473892036673,56.2344237027719,51.4535372431359,50.947262782993,152.981235760645,171.554184772938,188.762126126658,58.9635708919609,59.7147385471037,56.1404323795397,119.765177911642,86.9432582585865,119.35548259265,50.3094410878965,55.8499564467591,54.6894824454287,171.456090699947,152.814276725599,195.41983057791,55.0861612749209,58.8972993098145,62.7496109320962,125.974021366097,125.795079884869,122.081706729731,54.9127079802626,62.7794144453198,55.9732068328974,143.947383821791,128.891545920906,191.155117342385,59.4087188886203,61.0457615479719,58.6137592381382,125.023301022674,120.016773207058,115.093548144132,55.9594969993783,55.971245425128,59.7920344586556,186.669457022564,196.794116507745,190.32931265912,60.1426524066504,58.7927321456829,56.0861492861623,125.92295169447,115.480980121062,114.18978786124,58.4271582817669,56.8423339112882,56.8076043901889,91.9226759664905,95.1526587564683,86.2154207497026,85.6569292334913,80.9122792087157,84.9447057319848,1.60037290103088,2.6090282509889,4.95105894733234
,81,111.81511048482,105.526730881229,118.076565620391,54.307451858367,56.672851547516,57.9713378141267,60.6966609223186,58.9233704087413,58.983703831681,52.117187920111,52.2438765026915,49.5002260107668,101.379969642144,93.1879918092653,110.648622100237,56.548341450434,56.8272988684537,64.5454791550272,64.0870593384976,61.9348004571502,60.9850944354292,55.5554270532506,51.5313907172124,51.1601421117432,92.1472903649719,104.110756989547,112.99506610681,58.7801528382796,59.2711026533839,56.5588749789451,58.6588072402132,42.1812839607945,58.8071118540564,49.9808129459917,55.6566302100985,54.8669053005214,107.68085067863,93.8697780987212,120.26594866954,54.5192330108637,58.9795624636484,62.5523838882162,62.3033359835841,62.4392826788368,60.4767986199547,54.9398638849057,62.0453986006736,55.5438055450664,90.2790032164987,79.1447073788315,117.323636336937,58.5659339949391,61.3773908168964,58.1226783623566,61.4654233824955,59.1124623677784,57.4819657722259,55.6378897886681,55.836528617168,59.4228920506306,117.312356085254,122.538240288109,117.237883329856,60.7785643511929,59.5570939940329,56.2867771208473,60.693033718742,56.2557880747028,55.8412991496119,58.0575599979137,56.6209455180341,56.6363280485954,45.6247919778576,45.2654085798414,40.0782555227236,37.0490761840487,33.0226538933768,35.9007809427416,2.30703764130647,2.42812124134451,4.70946004396416
,81.5,56.8533533433949,53.7088517201788,57.6172407159322,55.058729781112,56.5756497875934,58.4479851391653,22.9743283053144,21.53250087484,22.5291889485193,52.116552697434,52.2416945522634,49.9857140738403,49.9240266763739,45.9776521022408,52.8957245951053,57.308892768542,57.9885416890312,65.8927830680349,23.0117390912859,22.0985914897818,22.1636822236218,56.0913224437481,52.8217589197333,51.341352932359,43.0047765396918,49.0173800371364,52.6694546430377,60.2682031232457,60.3423957468734,57.9210344591271,21.1523557657156,15.1639457981883,21.3437521651996,50.5842538655992,57.1745494910393,55.0316035634457,54.1186033614118,45.0180316069557,58.8400136152503,56.5723298508391,61.1297931557851,64.1734116562543,22.618900566725,22.5515273349339,21.8018373540911,55.9940978270546,62.0669987568549,56.3630824911842,45.5456440205214,38.3101444384456,57.2122242003977,59.7503108814435,63.3000678692466,59.865715266523,22.7458166165658,21.2282979814163,21.4561829066323,57.5284557639729,56.1321061080127,59.8282518537277,58.74773771662,60.6438453484864,57.9569377938881,63.2044220649934,61.965578531259,58.4672920000396,21.0084796999534,20.2914885110367,20.3896662654631,59.2148466299071,57.2323503873322,58.2628537973608,15.3478690056437,14.1439359380608,11.9491697300601,12.216514315653,9.99188577154194,11.1655407298912,1.98713726551102,2.44440865925378,4.07306782264573
,82,21.5665808434859,20.8871923483032,20.1469661045941,63.6103618672004,63.6669233725639,65.022846431184,6.73884394464562,6.20751293235833,6.95411880275736,57.7994418179925,58.4397765679249,54.4731667647123,18.8669134266946,16.8362635057223,18.2115174295808,68.381867237284,67.2530324507279,76.6150136879876,6.56674191456256,6.15813753099599,6.21652024254388,65.1312713256524,61.7414340162252,55.8322087102811,13.838683704255,16.2305893529243,17.8236098490937,72.8114117238765,70.9196000009579,67.6487672805865,6.30312446036385,4.70285112055996,6.57202705969434,60.1926847126371,66.0759459143043,60.3812430834365,20.1736116593854,15.7483051516328,22.073666502814,68.0447368721942,72.1667930401088,74.0906848762077,7.03261945339915,7.0830399777459,5.91939403322164,64.5658801494253,68.4741218824224,61.3887031793633,17.28893484022,13.465263979283,20.4713569007588,71.7292277000957,74.7453258581318,72.3513255488797,6.76867809115458,6.85473971093177,7.50815057566962,67.3806363354,63.1203087655816,65.1703289996096,21.7743200126721,21.8859359748814,22.6147128321501,76.2088108096458,75.847451907026,72.4463534299981,6.33965461408059,6.91240887236637,6.5237256072943,69.9303161316191,66.6319413695167,65.5927813713455,4.51683327058055,3.15763958820264,2.92035885585886,4.79012103126382,3.72706678952579,3.84897814089879,1.75819431916932,2.82630890254711,3.23036243151944
,82.5,7.05194639588024,7.93715816098501,5.60503242387097,94.3399072410381,91.1868703059343,94.4530045039626,2.84243718550186,2.8333437956698,3.66958635619841,85.6054414739343,84.0268012473495,76.3554031530338,6.65967002394768,5.41840356024483,4.7085787949469,104.719448622718,100.865646170768,112.127666485456,3.10620101887594,3.00031542808716,2.79732229813555,97.7965158270557,91.6380185136422,79.8166833503587,3.23900481220761,4.39161501596908,5.2451871217437,112.256118118267,106.90104238579,101.610251346164,3.41542507219197,3.16125180426263,3.08719299672282,92.2432027079514,96.8190040004348,84.1518911772807,6.62952820756038,5.1821855447173,8.01577174645064,103.851270689937,107.542797864905,109.595834745397,4.1983968848005,4.19260277159458,2.64755768630283,95.0514343239374,95.9254703921051,85.5092729484918,5.99442029909426,3.79820911658396,5.97893048426022,108.871582610968,111.648779210502,109.910705040857,2.67601169486858,4.05509673633492,4.38411603100491,100.847740071834,91.7444461144181,89.3349319280718,6.11024075585942,6.54821378523405,9.09218906599239,115.356324757782,114.848577233026,111.802103599494,4.04153807086749,4.07265727489181,3.4062240465704,105.032941904212,99.6816984836445,93.8433440755667,3.5379696174532,1.70985832475333,1.78428670027972,3.16390716120264,2.77239323664924,2.33744425303695,2.10032868681799,3.32420172840574,3.18328765001326
,83,3.06592781817972,5.34518232403843,2.56611017866021,144.711853382169,137.88874688621,148.107895837293,1.77916043911654,2.03478803430079,3.34114995604085,134.449632127576,129.166572896868,119.544310628549,3.78558964946751,2.90325557170206,1.86190529425699,161.20587045005,157.197953402134,171.544486109129,2.81280888799444,2.3069112174872,1.9129569796209,151.782049981163,140.721434706887,125.506890321822,1.72511526897523,2.37607081436016,2.84478354987863,172.308942090667,166.829978956912,157.462437940632,3.11721225797635,3.42993852702881,2.61297174570524,142.353616819013,147.727939255907,129.060657464409,3.49934448513773,2.99589933467308,4.89215444955096,160.632475924636,165.858128717579,169.420749006056,3.71564440341638,3.1793871662714,2.51909566518492,146.747679574391,145.303305312362,134.253898615644,3.92114567530751,1.71099867822295,2.48551711192329,166.892925139312,170.908531035397,168.514042874286,2.51354925219437,2.42271609116847,3.3012704505615,156.357391774872,141.781935027894,136.691477961994,2.4257191034385,2.99752806547065,6.49058337313056,174.51674440127,173.596037761375,169.694254554904,4.0536772215213,3.24017564767593,3.11350751727986,161.444903326985,154.158747204354,146.018334345608,3.57650467236004,1.8991969896685,1.65999013291656,2.31267539609695,2.72309946808866,1.99281981327209,1.9465613235609,3.38273721005532,3.04638752162919
,83.5,2.01224292287918,4.94086256332776,2.14773296671223,198.537043949496,188.756868037509,208.512864485146,1.20634951027131,1.44750161669356,2.61219281302817,187.538286420737,179.800483790937,170.135019322004,3.54594976714941,2.14532053956009,1.6459241544934,220.958046591086,218.120081708186,237.13389554431,2.91179114916821,1.98180783966734,1.1876844034108,209.865422465402,193.817987466709,177.715625325641,1.72666739583485,2.2847213008942,2.55606152477935,234.339801823415,232.706520134395,218.08082393015,2.39595172982018,3.26872625179436,2.55987128912335,195.68033559958,202.697239037402,181.277945462837,2.91715658701423,2.52871316712088,4.27207631544786,220.273320096561,229.268145888684,233.586715525631,2.81725583937128,2.89647028781297,2.13879692537893,203.627933147245,201.164421344568,191.769127665903,3.49371132840815,1.20175902671303,1.64490465591393,228.74652749655,234.383872576487,231.391166299077,2.20701406949689,1.49961485466156,2.52716233355142,215.343321944287,197.402145252211,192.70403622321,2.43676305604293,1.79282430235389,5.79608858802851,235.71105937394,236.300639874045,230.093648062947,3.68168428574614,3.14848070802105,2.40648959825973,222.170833363111,214.647105901584,205.065974162583,3.00312640801195,1.51066187243532,1.51521672574677,2.08311838999117,2.9192991557922,1.968010856484,1.59150835553271,3.22576522682567,2.32657872036458
,84,1.80433812840687,4.42115712547161,1.80026624332834,248.985309844221,236.447726564997,265.971870915218,0.8606464307137,1.05553867803803,2.01920018560867,238.374226151527,228.412168455493,218.6963749931,3.5153384814414,1.36937808900126,1.05507978651485,276.473328495814,275.577240580907,298.591519057088,2.57260341921636,1.83811048160413,1.2334841083624,264.505199196228,243.731480032421,227.899637685993,1.361951364422,2.10954472156232,2.32058652282149,291.29754228776,294.283502008154,275.391369339377,1.7643206787651,2.83944650926696,2.08649499372592,245.556306845596,254.258067256008,231.68180569969,2.42884699403606,2.44157548164367,3.51332808621515,275.159037089443,288.249738357382,293.555090224972,2.1495396991628,3.12960198053003,2.12810865411723,256.624969470779,254.365929478888,246.767662218802,2.6815846677265,0.95880305330445,0.947919878794835,286.308782686714,293.880252381156,290.318817259986,1.50764472205225,1.27480074894754,1.65305367675779,269.75711949915,250.764839617746,247.18299778301,2.38483518282794,1.30134627955556,5.03814443655853,292.098225889028,294.589453156095,285.484600861324,3.30720720696212,3.29078187566296,1.76918248392928,279.008474263726,272.403106617877,261.238201527861,2.7853011212336,1.37613761322308,1.2925248177873,2.2335691811524,2.63327095510891,1.60996851481536,2.17882547710644,3.21724296093026,2.38212622004517
,84.5,1.26793000341195,3.94007857589855,1.82558265694632,282.441182135733,269.20015656658,308.44432178424,0.60373812336519,0.694596140714452,1.98252673649466,275.832342559039,262.462436733078,257.369154749,2.96985173853312,1.0572216664217,0.559093630002451,309.668819250708,314.735894701476,339.522977769875,2.28736401942513,1.31190906770553,1.26880152890942,300.486001598186,277.287424493252,266.510275233022,1.36942886712188,2.30673003800268,2.17331137975191,324.542338176459,335.53079697201,314.420082369041,2.04689578765544,2.54912874745992,1.448293505545,276.157340406529,288.536446285279,270.351310679948,2.1206399331968,1.95421687070393,2.99591186378126,309.12499589937,327.152718605829,334.769143461435,1.84268997464699,2.64342711451019,2.40881693526734,292.513706435377,293.393987227459,291.071265621527,2.06354664335908,1.11262820488662,0.625595067405811,320.863887178152,331.578080426689,326.940474746009,1.79218965520738,0.866576863142086,0.865326180662237,305.83857979494,289.37374243104,289.860286722332,1.81610460521654,1.33422639973742,4.73541901116448,324.273830087084,328.030384669891,315.608454320496,2.88104265462511,2.70964381384675,2.07265836487329,314.89740902051,311.262419271727,303.95948126883,2.42826725567818,1.78462291669393,1.23452704248848,2.49217247860531,2.1374026261214,1.15478712460867,2.33946310082632,2.63201876285723,2.86789596212509
,85,0.748369922642894,3.47990398693577,1.68668339265218,269.950716235122,259.92762164949,303.369552785286,0.488574257145217,0.463198376153287,1.55603474492483,268.977704781609,255.114877415219,259.731426878905,2.55514593385294,0.871396662817119,1.0357956214317,290.861071853639,303.202563231454,327.383946219607,2.1283789362036,0.954469783966886,0.623375799020948,287.256395460803,267.004335927755,264.852598790379,1.38175579749441,2.03419486344046,1.82319635389638,302.981000149339,323.668336104763,303.890733953,2.20704359865255,2.49837990448896,1.61117746530846,261.015945402959,277.398203401349,270.051512679942,1.7554781439311,0.981014757389119,2.56651727844138,292.571153012008,314.654160160658,322.511658154568,1.29479948529649,1.73677168642178,2.42704950779176,282.973864914487,288.512802530508,295.852786213294,1.56650148626477,1.50097251409403,1.02793106366585,303.211796740173,315.355228470167,310.586953718471,1.90562338177625,0.938953071661444,0.812373767055306,293.659741732291,283.519377337288,293.028781829298,1.64922209392364,1.16659991664454,4.37096675994036,302.774570016062,308.126967217699,294.043432185154,1.97131813719312,2.08218507649332,1.95527683220126,300.263898945004,301.22199858356,302.562985334295,1.767979773121,1.65466733490609,1.26442631978819,2.64618769005762,1.88573519269613,1.20400543828521,1.94937045470715,1.59006550188417,2.97366828986037
,85.5,0.729503116435239,3.35066173626996,1.28341947576371,216.067087403618,210.625755909725,248.867127110225,0.608637324044764,0.893053304034538,1.0518508726837,218.42009864842,207.539163655425,217.97763113628,2.35794233629787,0.665601973858259,1.3973526323208,230.210216095996,244.571482528649,264.731264555988,1.65778700856561,1.3089279260646,0.658362016339822,230.486122374919,215.902130737479,218.768815707724,1.02026403845707,1.5723879979443,1.27987416687154,238.434427518305,261.517276397455,246.178241817642,1.96827982885736,2.21036538155346,1.69892716262223,207.80447418893,224.417923908109,224.909655655628,1.24589947079266,0.344801593536772,2.00217792431653,233.421570251957,254.085517502979,260.170690482577,1.14996282048338,1.40179719803689,2.43624618199408,229.421962343258,237.957755430138,250.538427932386,1.31968821927967,1.44363085005261,1.38284333556516,242.34314235159,252.869822883141,249.217226722157,1.37424107495997,1.66254830409599,1.1335567021074,236.895975437079,232.53507703641,247.888467187244,1.47328329865832,0.988333275523416,3.68043216469425,239.377035372433,245.448573133341,232.589142559366,1.17465651992649,2.34356880436832,1.27636540147222,241.378789058035,245.402421377921,251.568842675816,1.74488601342034,1.43371137495876,1.54063753844741,2.89816720667739,1.68861276683026,1.12664539977635,1.87315277079682,1.43155865467912,3.4102624201696
,86,0.851348283786137,3.15452366840572,1.17716703625564,152.683271110768,150.904084975417,178.974329621422,0.924015697686514,1.6571124442072,1.39230565012366,156.607341768298,148.522355745122,159.381792796316,1.84086178271684,0.801360510558936,1.04591686574372,160.886796871709,173.978954422458,187.938162669238,1.49600179058973,1.44017220161447,1.28149753836459,163.55239573809,153.908918306995,157.7481365602,0.832002389891557,1.52778176185484,0.955539303454657,166.098173669752,185.13222241297,175.356728965166,1.77953470035925,1.82069670698581,1.42800917347824,145.957265326527,159.886488971275,163.75054399369,0.577706953425263,0.190371337894874,1.82996018225441,164.540158894587,180.43223542021,185.126748437643,1.85528803402468,0.973201278587453,2.57226140708519,163.090625452602,173.090934683125,184.619740933268,0.880481747282033,0.958446718540699,1.08917625387392,170.920097326522,178.941527793217,176.249423260555,1.05031274113242,1.98864261796177,1.05954127776613,168.387558754346,167.709203209949,182.395383767631,0.801666761205013,1.24664004428257,3.69561452898182,167.373502000026,171.960348623475,162.057437485901,1.1351064187196,2.3552770336442,1.48115811544966,171.116995155068,175.265494984939,183.058151652331,2.18188319278022,1.55241083066073,1.7148253607578,2.96452205485451,1.25639587138045,0.860210479878333,1.8314954616082,1.4886331380788,3.67853767186404
,86.5,0.690173198295895,2.78156602663643,1.11771602117562,91.147212615761,92.5916486006492,109.939514021263,1.18511553888573,2.05554821309846,1.79689789554214,95.8084191753401,90.21017137346,100.730420534342,1.25913673900084,1.08178584151989,1.34524742946445,93.6752364207932,104.75926263873,113.204744581957,1.34868459437092,1.38567821112991,1.08572777964531,97.8805374603213,92.9129457459752,97.1709411439447,1.08256810244063,1.33596370246431,1.06477475261204,96.6774176745496,110.757132603349,105.91344046362,1.78693568510005,1.84279517148275,1.38272161124803,85.6750371522008,96.5628940753614,102.655926735603,0.335042907698096,0.0586366735773254,1.84902111770282,97.5040812200465,108.659975227712,111.586421458936,2.07954292062522,0.32444686388709,2.37080319923172,98.7836524552058,108.689402574735,118.745348935118,0.558417451057721,0.920050756290436,0.963631848276009,100.824209937178,106.177816479548,104.869584786219,0.906149466933869,2.08760128315322,1.14315145890686,101.986706827898,103.451892630123,115.997083730747,0.734466020565094,1.56408590542935,4.05508097599363,97.5810664024266,100.452708681429,93.7820800525658,1.42768993450233,1.9595304833262,1.43479973548489,102.52705889181,105.888116167639,115.104263004595,2.15027223529398,1.39206808096549,1.60239735739742,2.41633214923985,1.19528133366782,1.04778489907034,1.37574800264827,1.18539052040421,3.22990496115585
,87,0.756312988301488,2.88484631887604,0.707609093277711,38.477051693386,42.6122834349965,49.5505772303312,1.39630098945781,2.35739045904705,1.59415053597382,41.9006855813414,39.7557826558463,47.4144438371299,1.33055311299125,1.27882994041749,1.86636465231152,38.3172446890618,45.220407686476,49.8470379052716,1.16697102018281,1.61413549423622,1.36682607660856,41.4727808052954,40.7231478535768,43.1949026923251,1.08016654114562,0.719084977666739,1.00213326884881,39.612665451018,47.2959027731832,46.4209937695371,1.6188201176484,2.04827572187276,1.66087892040588,35.7424872555988,42.8452062350208,47.7374001373552,0.40169995542044,0.437523471762859,1.88026013757786,41.5651563564092,47.7506511712788,48.2594725451848,1.82945554736887,0.217793843571656,1.90554408083364,43.4639883230425,51.6807415285477,58.9897877707056,1.2784386511791,0.761440784487661,1.11481877618496,42.8819571251208,45.1869684091014,45.4619632663009,0.753590645606039,2.2311893811094,1.71616564314161,45.3983689299164,47.0542538023927,56.5915733941087,1.16780826244405,1.43405766251789,3.91838601970051,40.4220923096972,42.2913853285401,38.5933210635334,1.66114325645543,2.52008448731647,0.863176668017445,44.6475767241209,46.7472818593732,54.138063739666,2.05585839811658,0.900382530430306,1.70386023840149,2.05996228445116,1.29301343791747,1.87479884956417,1.42157706261531,1.09493931144124,2.87791065971749
,87.5,1.1421708925692,2.98293218428654,0.585298228542342,9.68539645076214,14.5771388890201,13.91816540668,1.67068684438073,2.40250860631352,1.60083034486803,11.1571468036319,11.2436854146353,13.3778688329836,1.67977698346004,1.57354305239738,1.71163168863444,9.91486045267669,12.1030075534318,14.0798296412628,1.2712862129253,1.55595749615139,2.31250318728695,11.008073144255,11.5976913103841,10.6234316360357,1.11276067336451,0.629957270341947,1.06118425550585,10.5209008070738,11.3461833583767,12.3548059447467,1.39728031444611,1.78901731333906,1.73382233529236,9.5528060817183,12.9150573600264,13.6606316663617,0.55685307850797,1.24341656996137,2.11338739277551,11.6746782627706,13.6843671145106,13.1829352127426,1.95506157521538,0.548689037904467,1.60834254678122,11.7814669628938,17.4661906960864,19.3725386926758,1.72493014580613,0.192354954731115,0.793349100850378,12.1752990711875,12.7953400314285,13.3541597155796,0.877359924111431,2.14565025682401,1.57703330980917,13.4041083401835,14.3716183173314,17.5952466733093,1.12464182634903,1.19357499716386,4.13916604478311,11.027248617293,11.7642115233349,10.551232361175,1.85010666526694,3.14816678162157,1.10077789488747,12.4648017645537,13.1309114437654,16.209968921521,2.39476875169402,0.674255706189115,1.89767180073477,2.04140063346455,1.14977522331037,2.33123257781597,1.70726412968475,1.63003379891813,2.67251731408447
,88,1.24392822520065,2.88589284715408,0.823109668268387,2.66797328314732,7.41978986652964,3.37406456761141,1.52770406611324,1.86057198267281,1.94699263167661,3.10970411052932,3.61331873911058,2.5312126638899,1.63703046156417,1.71639468711919,1.51568928600039,3.33960010445674,3.51203721603076,4.62121932000122,1.47798966872352,1.32406777569611,2.31807729213989,3.2858738667897,3.66932331508718,1.3885366281329,1.49790873517452,0.769870331625441,1.75764527916607,4.222823903294,2.17545154631591,3.16580054699273,1.0762501414049,1.88030392463338,1.38129856932943,3.38110908087066,4.53260553463173,3.16419704403347,0.946198761332653,1.7381906248321,2.51207323234172,3.7898868252866,4.6106285120382,3.94744136901937,1.72934849473825,0.817977118490546,1.32520564664395,3.06977283584172,7.17260499237119,5.21137054766882,1.1733831103208,0.250644770140582,0.375129539703039,3.88599992271429,4.13247590423509,4.79014234930196,0.954231928065894,2.08958718321225,0.986143955199282,4.23446475160125,5.9119275312292,3.74840341091624,0.92859590931846,1.31592886671086,4.14800906922756,3.77381911184216,3.80576739981308,3.92417378076675,2.0834632365744,2.61079865613908,1.46567688158518,3.60134317934995,3.88260995013769,4.43124624499336,2.39671736039321,0.626872991939422,1.54917676447769,1.84233933425372,1.35503676041981,2.18230491595472,1.47859949215945,1.86706689171984,2.17541304889301
,88.5,0.931523178000759,3.02514060662395,0.846155332389571,1.36693503300785,6.74661556203387,1.6125747303351,0.977767584830133,1.29205728077932,1.63714137413456,1.5426345257564,2.06520341025737,1.58009825064079,1.57301692851394,1.69109947263394,1.661662989999,1.84949301392697,1.87408021357203,3.40205063576809,1.27513819256336,1.12819266697829,2.12402461673577,1.30641110568109,1.96492912505909,0.798404968073555,1.51081918193103,0.208168553537007,1.97355249287142,2.9650033174027,1.42138473142239,1.8752676387229,1.25955188651443,2.2941397534392,1.26407150415423,2.60582767290356,3.15334765185645,1.40802151961623,1.42502390600919,1.86776570347513,2.52039443346428,2.06027826696112,3.1987251997661,2.0797235020006,0.920049248892724,0.894290493990695,1.26479871193129,1.91025321250834,4.84109950482764,2.63822384594403,1.2304129588324,0.676202197678492,0.547527535575682,2.12662580574289,2.14785394535693,3.46913072962161,1.18791044215266,1.82126199080579,1.41892447513135,2.23411619778574,4.70508533348908,2.30687305299796,1.00920035539991,1.33375903360911,3.64107322764755,2.03878379278365,2.43540629173202,2.92074371334058,1.98483052392572,1.94160647663961,1.18468563153891,2.09950343300841,2.82497691593005,2.52480279345559,2.28888779748837,0.75104787472128,1.48979433038198,1.61158397832895,1.59821932184741,2.31695583435453,1.3767308127193,1.86195690778351,2.12233477119457
,89,0.453569728550519,3.32178531198986,0.994228214692725,0.822221606882636,6.95730843302107,1.30756429815449,0.629083997413204,0.954552729245165,1.37343757300238,1.02349375290862,1.24308863846454,2.07092460242711,1.51270444377423,1.55828903953227,1.36848879859679,1.2416800759778,1.42420401597809,2.85842120222384,1.46129060552443,0.998132091446394,2.12838793276001,0.872228430901089,1.72330805452901,1.66931318616724,1.44481862763854,0.0796039570917628,1.41560554500387,1.79761123124706,1.45813710343481,1.62563397507131,1.69759765206402,2.17603933755805,1.47858727880066,2.33761415146404,2.67596301280463,1.02680728851135,1.71635081870085,1.86606371327741,2.62371283905946,1.55640281139068,2.59081641587488,1.63975497036984,0.752889718662686,1.31990025338911,1.39190087335948,1.5117019796777,4.03879045513241,1.3272746225901,1.78012011878013,0.295663945420813,0.776277465604267,1.65139653527905,1.82246546952229,2.58528929067484,0.988967079500583,1.54194135467486,1.89557146058632,1.11209443034289,4.25234464898921,2.56497289439778,0.652546806272312,1.08246822257752,3.39525707849498,1.31350912437529,1.86147344914463,2.88183083993755,1.35830115989751,1.65300002270908,1.38747273790005,1.61453213481508,2.73642140555239,1.86923796513855,2.30001229098605,0.650494867826978,1.64961329105597,1.70710512005274,1.32226341818949,2.1725661921854,1.00688133015649,2.14667826369697,2.75887201821513
,89.5,0.0276720697881956,3.18642638855772,1.42882949247007,0.667955049704176,7.20282635564934,0.614591198257983,0.465151210291651,0.669928687694096,1.46274788691704,1.30941003999658,0.707167329768026,2.65912867651315,1.42167240198972,1.46353850781298,1.10659916223563,0.829821652535372,1.56585254888302,2.38593540757165,1.75239666431872,0.869169902274052,1.38924583728425,1.30382910226007,1.71410326553922,2.61568218649728,1.54587669992748,0.363999968698351,1.12957587868038,1.00742802393933,1.52047403736123,1.44108522708473,1.6077864896622,1.87570830583115,1.30838336310626,2.1905981663084,1.89969979199196,1.48065017584236,1.44205213790372,1.15019683125701,2.43374574595197,1.05106445430744,2.22537578325483,1.68473237674641,0.768839469383749,1.55287558772324,1.40309772407562,1.37906021423692,4.16231058033134,0.442875600752359,1.20051676569187,-0.145288983025921,0.471322787865347,1.21822218425382,1.44447184594753,1.66896313226539,0.454663068412685,1.56428540351754,1.6145091031965,0.573718137084825,4.26107464433909,2.73428760062023,-0.0270737081707466,0.830357886308889,3.36525772294675,1.32968778967546,1.50737568872808,3.31513910873946,0.705584769940856,1.02722040643778,1.81064649850748,1.77616864144045,2.7025205274831,1.64208196825882,2.21541974266592,0.681478864459564,1.55526753934589,1.58612096230183,1.05418419075068,1.1748287986062,0.364836494202564,2.45855217341131,2.76555325415495
,90,-0.513280498140887,3.16557104821436,1.67607444506274,0.485494599268748,7.26311792546875,-0.0142431733252693,0.455237833788487,0.833161779068803,1.32805898130033,1.46962653160125,0.268504343266329,3.09050778205574,1.27126126704644,1.40307657179841,1.00429073498907,0.32763775224123,1.38305077828602,1.80316230496197,1.39198022136873,0.98523819784549,0.646269423101899,0.806308500207535,0.986757299885426,2.94731966521562,1.14708296336039,0.508253063438076,1.05509589371189,0.636043821363728,1.35651177702971,1.18783661087434,1.60847033415695,1.74596739167316,0.754601254052773,1.74574199185912,0.978799430158233,1.38711827411447,1.10741954173614,0.283724220890463,1.97631553415238,0.759427600109802,1.85082885837625,1.39337281208321,0.332823265536661,1.4032141440785,1.47087329658677,1.20131303281948,4.19700063458401,0.3320395281728,0.558529593499486,0.0524561395704382,0.414491566733886,0.684975261565569,0.379659032927066,1.05822342396442,0.277689805970908,1.02919916853665,1.8254622706533,0.522573014252998,3.36830224282636,3.33137416876576,-0.36409634445431,0.69644348896361,2.75294512164066,1.00815794644649,1.34334046976625,2.71934142382594,0.505521294239884,0.524063669475879,1.37961858138186,2.05716783738092,2.45406106132316,1.50992940526226,2.04061649744773,1.10212669259312,1.65807008660238,1.2521296409347,1.05622493943815,0.522355685445689,0.116373036564255,2.05520527546071,2.32858689150459
,90.5,-0.633932385365256,3.01405401758649,1.37835136016372,0.568492876203152,6.93182033104677,0.090255967040946,0.617465380818828,1.20891818717564,1.29116461623715,1.79292174927429,0.195913707263912,3.20296977294197,1.47746723711538,1.07269704325142,0.742104150305465,-0.0266775784240281,1.22381099742955,1.38987194188832,1.30989277676161,1.11884842241778,0.34633159808044,0.751193844333955,0.289955689081239,3.08184307298706,0.481600532267976,0.387094848834636,0.313156722353483,0.0497642212214373,0.809061612592927,0.892999328151575,2.18931802844202,1.19673151768262,0.768649999521301,1.26353129018281,0.335126636351504,1.28690260202819,0.812365660270359,-0.036584940505918,1.36833101119385,0.865226570499999,1.44024876359464,1.42056962859033,0.302050092823549,1.14887949906841,1.53051455244128,0.887394258563745,4.32429416796623,0.43841579115383,0.644446339942419,-0.10396989429745,0.871981036429531,0.395561597402946,0.0465355984592861,0.853682534285667,0.0636287592498661,0.461575162286067,2.22034428004531,0.74919333152684,1.47739377166141,3.95396996174492,-0.635825655664235,0.513280911729396,2.52011710513364,0.532358527339682,1.20971394210557,1.98739441727372,0.362345571441324,0.579854574941407,1.08458314304414,2.32330869214792,1.63461479614102,1.03841861372825,1.91375024450844,1.20140402459691,1.92768712323794,1.09829896197328,0.939087607313013,0.602286388486391,0.151425994950273,1.35687871672104,2.71894279929018
,91,-0.125234707270579,2.5852727624424,1.09108895965073,0.598817022198034,6.3448974286199,0.170462209704567,0.630493900413512,1.28980280903596,1.52988894762882,2.26350295496115,0.488618601514077,2.55926290928034,1.65177430937564,0.867789133203019,0.580958794376272,-0.0110936365481393,1.26576323166347,1.52334675688417,1.37861680189633,1.29955334302593,-0.0265249438033379,1.55845280362342,0.21788742710703,3.10790603514243,0.307878618145878,0.644262977268909,-0.211711406276436,-0.143316315676657,0.176641769118248,0.833503541981202,2.47134682206348,0.575147535644078,1.03492305340592,0.758485707365139,-0.172210220502564,1.53853992349218,0.508483106892868,-0.180237564485424,1.1337015708321,0.562148558953311,1.27524047144141,1.54023608602347,0.791006420612177,1.07273860205538,1.27047187825207,0.572717890590184,4.65221145182574,0.489060323520164,0.721422287957694,-0.367639854499146,0.989054187253259,0.0183053384548089,-0.0611072704930962,0.482990818767178,-0.196419461639096,0.716763483412649,1.50840250128601,0.938934038012519,0.482374357834999,3.63403750304991,-0.831278339245102,-0.0258211589117536,2.65912390660208,0.417604699185972,1.42772977094859,1.69855854711597,0.622723100847281,0.930337471208816,1.26241563670999,2.28452553708178,0.923604975432454,1.17773087562523,1.73967687292594,1.20323650209656,1.93895374962216,1.0007780624843,0.880361998429635,0.291265541201142,-0.0676311275685748,1.2049075486504,3.18784196891892
,91.5,0.602495646668501,2.48059598758812,0.835453394269166,0.256877877537136,5.77686051129803,0.0428810485828421,0.685879224116093,1.19988848759658,1.60657738477903,2.00712151370357,1.02731740009301,1.75999980704313,1.7542405088497,0.953300740320969,0.755988103645223,0.0184817238138635,1.12021940268016,1.71348651697468,0.916790063958217,1.59772358229066,-0.0433474033000607,1.21115787949373,-0.0728125506421975,2.36175144714497,0.326153298251995,0.934574087790395,-0.00704604409202148,0.279436947415661,-0.45476870269141,0.768306581088211,1.88810826349629,0.412515237684488,0.875920210069751,0.861077622449159,0.0329586352339106,1.92388382019601,0.32883198105219,-0.160620996903049,1.00550774716351,-0.0612787389239315,1.1223651356471,1.38205789559652,0.939532956386245,0.844541790948767,0.700763566260889,0.666444719248034,4.23036556442804,0.705640907114343,0.446696626393077,0.0495173568507994,0.933051051224709,-0.185634452607417,-0.370498938441983,0.610022444921981,0.27308812222725,0.737079470398214,0.873248811419558,1.16136310932484,0.745526623152216,3.53756069008449,-0.668158894228895,-0.24788582744975,2.28767900185812,0.386461370555367,1.46272236626356,0.978784071740336,0.997368942349851,1.40563322014469,0.761315832671812,1.58630622533872,0.660182553269237,1.94222228161925,1.56636206919808,1.26464182329295,2.02323925422763,1.26014054482209,0.938573911195761,0.254415717705058,0.317917213140788,0.795878330470771,2.74380476520281
,92,1.37407795690831,2.69562679160259,0.382039677371381,0.2842796886477,5.00242146552955,0.474697068698504,0.725732084771607,1.03314487333068,1.54114349730116,1.37035171109062,1.70538164826121,1.72665334649042,1.802751706886,0.754832725290896,0.717706881124911,0.160414641037164,0.589141540793491,1.4482110378151,0.729126110108552,1.45993643073427,0.362405545998172,0.820916451088294,-0.465513070721954,1.95633637967939,0.254151363760059,1.13266081674982,0.219050358109996,0.557953024348876,-0.678060742785874,0.46949313718693,1.65372745622159,0.152403561908329,0.677357584072865,0.90719015795554,0.609166444733319,2.09348606458195,0.491627116045265,0.259988156369445,0.996078607420884,-0.00572127342638851,0.97739683430666,1.35571841735384,0.997899496891307,0.709670919883877,0.388329858830843,0.876375317235158,3.19954127913371,0.863380140003187,0.297578428905751,0.517519395566069,1.31380179930409,-0.363469566421827,-0.125417883883586,1.09869267147729,0.827025700804313,0.534584900442383,0.575692254323883,1.27253191302952,0.787983459568579,3.3950991648137,-0.494451520827056,-0.243908301903105,1.70080032056461,0.0944445193328534,1.1377998022835,0.576209955954425,0.894183700104293,1.45256379293306,-0.151335455302728,0.739062975731542,0.583477703502183,2.58539451545829,1.93144115004964,1.12252429417072,1.63256379868972,1.51068228861175,0.97612646390769,0.85550937634207,1.00925889596306,0.220347198160368,2.89360077480859
,92.5,1.85195446845034,2.56827187423221,-0.0539929081086257,0.408751715123231,3.97991919607989,0.767621995052366,0.168415577427766,0.483865227485126,1.58141711416499,0.960822014096209,1.72115109246408,1.57753702260396,1.76743777223663,0.264033372006736,0.194608367634487,0.274922416757136,0.379847282070273,1.75900407209951,1.08402949317167,1.28674277193039,0.643570299892815,1.52070434690148,-0.19205312063832,1.87399096102553,0.284020925974403,0.908213208296218,0.131553312858273,0.631166051937726,-0.181799988086027,0.769039920971522,1.70165945599581,-0.156348069821092,0.84114902340707,0.998869581903421,0.767864346216186,2.45275210934432,0.349684242322382,0.703252810918116,1.25293473683115,-0.182849183274072,1.0399632108157,1.07178476164904,1.44201481583553,0.691139848755086,0.339653909145795,0.965197950287234,2.90014446820311,0.497432001944617,0.338462510816669,0.388059355322412,1.44307048072972,-0.252134954408291,0.176863235595761,1.37339298989718,0.742980716891509,1.01541354994134,0.0483389652658275,0.93436945636148,0.671102237484263,3.1071379610807,-0.319118500033255,-0.536214788527445,1.80746681046378,0.185504531114475,1.10076226879897,1.17826485980157,1.1431051967507,1.15710099421375,-0.193246960652857,0.728884147958922,0.6098209349434,2.82136931932098,2.14923795251633,0.938792591602521,0.649247744118554,1.42315259378609,1.18795968524677,0.695383769071327,0.981386778019612,0.0915182674656307,3.64061073531991
,93,1.74323026247492,2.53395023479209,-0.0870810844044172,0.0889165389178288,3.39773899962285,0.742770213201368,0.0643428594995612,-0.0830997416413197,1.13156183064336,0.422330976219087,1.12442110898087,1.11570030183287,1.59974572789332,0.225094292880669,0.0396380046277045,0.427336201619426,0.303661013725616,1.62555335611432,0.920024702694434,0.969230476379096,0.793925517472417,1.09311932240405,0.199330531196097,1.50118858787636,0.718865357295499,0.739946935263731,0.304188280242897,0.696704984967823,-0.235320000092543,0.968524936576728,1.0264745393643,-0.222290527066377,0.589541819521173,1.34250257287289,1.14627516638529,2.58414838255555,0.229032869243269,0.739100877375449,1.50354975629972,-0.576057336267013,0.879545235936234,0.789302518560248,1.44832589931048,0.540441648987382,-0.108663963479842,1.55824131357622,1.98975648589192,0.243389737254006,0.275929349390026,0.0529695376569634,1.09602034214839,-0.0481582674476613,0.0639029118946155,1.53622272397052,0.815392273487419,1.11408612803876,-0.0657740615251896,0.947565023783397,1.610351408268,2.92787631396459,-0.0599149119616413,-0.922563022375471,1.82677862082289,0.622240577141838,0.6571296305587,1.25968343422636,0.609070819084252,1.06179684646867,-0.0902366701762389,0.627236327288415,1.09820665308024,3.21315849799328,2.21332314980947,0.73938111030651,-0.162250370949778,1.54167261796619,0.939316405641989,0.399417695921443,1.12345737474624,0.0964922194031601,3.0746698331763
,93.5,0.950358500322636,2.22604953160345,0.117840832097158,-0.285616343943957,2.94745657836279,0.25962808742571,0.0842541804014445,-0.335359205162263,0.408570835441537,0.107797391927932,0.436342281301449,0.173115435226066,1.64120588731208,-0.00617721492602641,-0.967890422620371,0.533339026615636,-0.181839691166829,1.10982608338372,0.756924893988014,1.1353047248316,1.04783522030806,-0.104682592868926,0.700553553682255,0.135539954612852,0.597319588684002,0.440848563860982,0.0941121945794521,0.460983146960075,-0.101735257022767,1.51526788339191,0.540573949042368,0.036316359297814,0.0636300647162216,0.990715809504422,1.42521396585329,1.4760826415756,-0.271432860397795,0.791826127063757,1.0328584296725,-0.62629730919906,0.859662770476177,0.186961145707187,1.52154153025617,0.468718170665113,0.247370086990543,2.0198999622246,1.54112269026746,-0.224575948702693,0.0285842158006631,-0.555088451489837,0.523486291566996,0.535689717083244,-0.671309224962499,1.43789428345491,0.696780727135376,0.177651897069211,0.940760827649399,0.418128295260374,1.90369384197214,2.74278250520882,0.0142993519456809,-0.985668107352808,2.09562929323045,1.36780946104903,-0.24611868245654,0.640063165867048,0.287911845312749,1.07117452022379,0.0186643431642324,0.683523988406535,1.16114287019354,1.9946651645165,2.06845059244108,0.970724510265768,-1.06760224303667,1.6249585279615,1.47059934525589,-0.0825945913960595,1.3296614151638,-0.248918197843693,1.69840755079707
,94,0.383118999183694,1.81152725791378,0.0933429158043282,-0.296364504146368,2.35024253241096,0.0475010623628123,-0.193781167279496,-0.652996471945926,0.09374695065776,0.393549923975229,-0.327484631508071,-0.0454390567988412,1.83228722493106,-0.382247957773814,-1.74606018681459,0.369237991272257,-0.354057461835623,0.928432276153899,1.04536065454755,1.08557287559478,0.988357276684042,-0.0701015885670699,0.859945584707191,-0.13563404641917,0.237388573973021,-0.138640797540461,-0.196264161511181,0.070525988648285,0.219854752927745,1.68160172306904,0.705341448658714,-0.0831286596309155,-0.147125338098022,0.86577014765237,1.06649029178624,1.14825045992978,-0.715061296409942,0.779065045810569,0.691573445229608,-0.765389848518055,0.940976276754498,-0.192786728889018,1.58978031000709,0.233366903529884,0.504911818862297,2.10860429176927,1.93320779306202,-0.627851784541235,-0.20648364763656,-1.23441049931546,0.255188260435602,0.82466191057739,-1.09776198938175,1.40225321975805,0.324750765589954,0.0655961818077344,1.36561797808616,-0.148962172260781,1.15738815109773,2.84248132385505,-0.107525344983856,-1.29485363646825,2.50418416716957,1.59648827873974,-0.500566640751117,0.923358973141944,0.342978265814338,0.652423719978401,0.385045985791862,1.35133135087437,1.06175132757988,0.780134262834224,1.93976818809085,1.16117519325979,-1.82982379550441,1.26528731032653,1.8532157470774,-0.701207930625287,1.11266162889831,-0.492150223984993,1.5258920772074
,94.5,-1.15628856288242,0.621910780743633,0.612188382621639,-1.17949801067834,2.08221499855387,-1.28231679732642,-0.729482291205215,-0.736686552542096,-0.655578891817868,1.22687190961972,-1.44517981776568,-2.47933135982294,2.22975376406168,-0.703983202769848,-4.05616672857866,0.247862254116626,-1.02187677598261,1.18576491615227,0.966073924139948,2.36441566302454,1.18125779095101,-0.900628017712791,1.9834556967491,-2.55652681222381,-0.719276622528923,-1.07424329269668,-1.41828693439379,-0.435374195379893,0.594237177450736,3.38494890484714,1.06798877623635,0.552438011844401,-0.331184917638211,-0.295380654752421,0.836825423999187,-1.29351023725627,-2.1609746044158,0.942729581479909,-0.503185174477437,-1.50556131307968,1.49370874093614,-1.85745285338123,2.46799516474414,0.0844800608517176,2.00518066380403,2.30092437124603,3.44422707470028,-1.61279678694427,-0.357868008801233,-2.70214542547785,-0.930810248959574,2.02846149719272,-3.21753937796734,0.719985484601523,-0.259702508162434,-1.21935469035878,3.20833064713742,-1.89941105497655,0.0233460447844891,2.88072532988986,-0.2151379879773,-1.67707856029381,4.07467994384751,2.97706635479193,-1.09429221968742,-0.157546543255762,1.70143666372161,1.05907351131111,1.41520211171985,2.4423641947925,0.27444002223973,-2.32484402534584,1.0859754466627,2.39928191465214,-2.74303711975136,1.02348753512337,3.68450171476633,-2.42171536722685,0.655538096258056,-0.782185968789747,-0.314870071960456
,95,-1.23235762918114,-0.353835953607017,0.568942202615631,-1.0105589221107,0.846016700451457,-1.26954735130482,-0.523085818193351,-0.276693197678242,-0.605685413426954,0.941586251089234,-0.990696053321301,-2.3978724112776,1.1772301295415,-0.38971940674486,-2.86423876688684,0.0282070834259684,-0.840199361579039,0.635779654396856,0.3113550179242,1.79289807630647,0.628834434791884,-0.994393112101591,1.38669837768265,-2.50975054287227,-0.81716699259141,-0.888943228195217,-1.25837481774511,-0.414253444085091,0.373667494110919,2.30056273720407,0.594858815456178,0.622779234778022,-0.264521034762083,-0.706494387105408,0.427596068574701,-1.88866442446994,-1.64510765058168,0.529573915727326,-0.94224673072398,-1.04966182100571,0.945452403196612,-1.65530872825946,1.5226930662667,-0.0263223241284436,1.61493082592835,1.13497048978314,2.26865314111353,-1.16539851959078,-0.272827362221051,-1.87380781478771,-0.992674392493086,1.48786690460048,-2.49209979275906,-0.0297726467135249,-0.300220406804954,-1.30261533214224,2.40326190131481,-1.77156651613132,-0.530350040945336,1.28006624529621,-0.188152614070873,-0.788606799533568,2.494511066222,2.00311601566676,-0.831389309994506,-0.810791684604851,1.45397665992078,0.76186571797291,0.973961832774535,1.42466364638869,-0.386089787625963,-2.65047769768063,-0.0831591371307923,1.65893998536711,-1.4814213172138,0.409952563252716,2.5566034754408,-1.81023155030584,0.109372719919861,-0.55460441129668,-1.27744347662264
